<AMDoc><pid>https://ambench2022.nist.gov/pid/rest/local/cdcs/P7TVXK25GCW4ZWDS</pid><Material><name>718-SH1</name><description>metal alloy sheet</description><identifier><id>718-SH1</id><type>Internal identifier</type></identifier><creationDate>2017-11-16T00:00:00</creationDate><materialInfo><materialClass>metal; alloy; Ni alloy; Ni-based super alloy; IN718</materialClass></materialInfo><supplier>ATI</supplier><specifications>BOX(36 x 0.125 x 120) inch</specifications><providedCharacterization><accessURL>https://github.com/usnistgov/AMB2022-template/blob/main/03/AMB2022-718-SH1-MatSpecSheet.pdf</accessURL></providedCharacterization></Material></AMDoc>