<AMDoc><pid>https://ambench2022.nist.gov/pid/rest/local/cdcs/ULQF8WE9O3Q7DJKP</pid><Material><name>AA5182-D1</name><description>metal alloy disk</description><identifier><id>AA5182-D1</id><type>Internal identifier</type></identifier><creationDate>2019-04-01T00:00:00</creationDate><materialInfo><materialClass>metal; alloy; Al alloy; AA5182</materialClass></materialInfo><supplier>NIST SRM</supplier><specifications>DISK(63,19)mm</specifications><providedCharacterization><accessURL>https://tsapps.nist.gov/srmext/certificates/1241c.pdf</accessURL></providedCharacterization></Material></AMDoc>