<AMDoc><pid>https://ambench2022.nist.gov/pid/rest/local/cdcs/8TEPCWHESGSBCP87</pid><AMBSpecimen><name>AAMB2022-AA5182-D1-O1</name><description>26 mm x 3 mm x 0.3 mm</description><primaryContact><name>Simonds, Brian</name><email>brian.simonds@nist.gov</email><orcidID>0000-0002-9758-0704</orcidID></primaryContact><note><title>Comments</title><text>Stationary laser spot</text></note><note><title>Measurement_Requirements</title><text>Polished</text></note><note><title>Measurement_method</title><text>Absorptivity; Radiography</text></note><identifier><id>AAMB2022-AA5182-D1-O1</id><type>Internal identifier</type></identifier><location>NIST Boulder, 01/3310</location><materialInfo><materialClass>metal; alloy; Al alloy; AA5182</materialClass><sourceMaterialId>https://ambench2022.nist.gov/pid/rest/local/cdcs/ULQF8WE9O3Q7DJKP</sourceMaterialId></materialInfo><status>All measurements complete</status><purpose>Polished</purpose><parent><materialId>https://ambench2022.nist.gov/pid/rest/local/cdcs/ULQF8WE9O3Q7DJKP</materialId></parent></AMBSpecimen></AMDoc>