<AMDoc><pid>https://ambench2022.nist.gov/pid/rest/local/cdcs/GU3Z6C2F6AX02UHC</pid><AMBSpecimen><name>AMB2022-718-AMMT-B6-P1-L9</name><description>2.5 mm leg - as bult</description><primaryContact><name>Hrabe, Nik</name><email>nik.hrabe@nist.gov</email><orcidID>0000-0001-7585-0980</orcidID></primaryContact><note><title>Comments</title><text>Within thermography ROI, Combine with thermography &amp; build info</text></note><note><title>Measurement_Requirements</title><text>NIST + AFRL coordination required</text></note><note><title>Measurement_method</title><text>XRCT; Serial_sectioning</text></note><identifier><id>AMB2022-718-AMMT-B6-P1-L9</id><type>Internal identifier</type></identifier><location>NIST Boulder</location><materialInfo><materialClass>metal; alloy; Ni alloy; Ni-based super alloy; IN718</materialClass><sourceMaterialId>https://ambench2022.nist.gov/pid/rest/local/cdcs/526BWB5BAIPV8FVB</sourceMaterialId></materialInfo><benchmarkId>AMB2022-01</benchmarkId><status>as built</status><purpose>NIST + AFRL coordination required</purpose><parent><buildPlateId>https://ambench2022.nist.gov/pid/rest/local/cdcs/GK1GVW851DEFIW2Y</buildPlateId><buildPartId>https://ambench2022.nist.gov/pid/rest/local/cdcs/4K4YIN4FEO2UIGMK</buildPartId></parent></AMBSpecimen></AMDoc>