<AMDoc><pid>https://ambench2022.nist.gov/pid/rest/local/cdcs/1RI1QSRA9AUMX917</pid><AMBSpecimen><name>AMB2022-718-AMMT-B8-P3-L1</name><description>5 mm leg - as built</description><primaryContact><name>Zhang, Fan</name><email>fan.zhang@nist.gov</email><orcidID>0000-0003-1248-0278</orcidID></primaryContact><note><title>Comments</title><text>Post AM Bench studies</text></note><note><title>Measurement_Requirements</title><text>5.0 mm x 5.0 mm x about 0.2 mm</text></note><note><title>Measurement_method</title><text>USAXS/SAXS/WAXS</text></note><identifier><id>AMB2022-718-AMMT-B8-P3-L1</id><type>Internal identifier</type></identifier><location>NIST Gaithersburg, 223/B206</location><materialInfo><materialClass>metal; alloy; Ni alloy; Ni-based super alloy; IN718</materialClass><sourceMaterialId>https://ambench2022.nist.gov/pid/rest/local/cdcs/526BWB5BAIPV8FVB</sourceMaterialId></materialInfo><benchmarkId>AMB2022-01</benchmarkId><status>as built</status><purpose>5.0 mm x 5.0 mm x about 0.2 mm</purpose><parent><buildPlateId>https://ambench2022.nist.gov/pid/rest/local/cdcs/L3K0CEHHHWE2SDKL</buildPlateId><buildPartId>https://ambench2022.nist.gov/pid/rest/local/cdcs/3TTUOI3IJJMT0HBB</buildPartId></parent></AMBSpecimen></AMDoc>