<AMDoc><pid>https://ambench2022.nist.gov/pid/rest/local/cdcs/7O3WK5HX4C3LOSTA</pid><AMBuildPlate><name>AMB2022-718-AMMT-B4</name><description>3D build of IN718 parts with in situ measurements conducted using the NIST AMMT.</description><primaryContact><name>Levine, Lyle</name><email>lyle.levine@nist.gov</email><orcidID>0000-0003-3448-4229</orcidID></primaryContact><note><title>Status</title><text>Built correctly with good in situ thermography and thermocouples -  power/galvo synchronization failed quality check</text></note><note><title>Acceptance</title><text>Failed</text></note><note><title>Measurements</title><text>Thermography, thermocouples</text></note><identifier><id>AMB2022-718-AMMT-B4</id><type>Internal identifier</type></identifier><creationDate>2021-04-14T00:00:00</creationDate><location>AMMT lab</location><materialInfo><materialClass>metal; alloy; Ni alloy; Ni-based super alloy; IN718</materialClass><sourceMaterialId>https://ambench2022.nist.gov/pid/rest/local/cdcs/526BWB5BAIPV8FVB</sourceMaterialId></materialInfo><benchmarkId>AMB2022-01</benchmarkId><status>Built correctly with good in situ thermography and thermocouples -  power/galvo synchronization failed quality check</status><purpose>Other</purpose><partDefinition><name>P1</name><partType>PART</partType></partDefinition><partDefinition><name>P2</name><partType>PART</partType></partDefinition><partDefinition><name>P3</name><partType>PART</partType></partDefinition><partDefinition><name>P4</name><partType>PART</partType></partDefinition><partDefinition><name>G1</name><partType>GUIDEWING</partType></partDefinition><partDefinition><name>G2</name><partType>GUIDEWING</partType></partDefinition></AMBuildPlate></AMDoc>