<AMDoc><pid>https://ambench2022.nist.gov/pid/rest/local/cdcs/ZV55I3ESIQ527BDN</pid><AMBSpecimen><name>AMB2022-718-AMMT-B6-P2-L11</name><description>0.5 mm leg - heat treated</description><identifier><id>AMB2022-718-AMMT-B6-P2-L11</id><type>Internal identifier</type></identifier><location>NIST Gaithersburg, 223/B160</location><materialInfo><materialClass>metal; alloy; Ni alloy; Ni-based super alloy; IN718</materialClass><sourceMaterialId>https://ambench2022.nist.gov/pid/rest/local/cdcs/526BWB5BAIPV8FVB</sourceMaterialId></materialInfo><benchmarkId>AMB2022-01</benchmarkId><status>Homogenized</status><parent><buildPlateId>https://ambench2022.nist.gov/pid/rest/local/cdcs/GK1GVW851DEFIW2Y</buildPlateId><buildPartId>https://ambench2022.nist.gov/pid/rest/local/cdcs/DMHR8E6BY4TUKUHD</buildPartId></parent></AMBSpecimen></AMDoc>