<AMDoc><pid>https://ambench2022.nist.gov/pid/rest/local/cdcs/UIOCNE7KYDARX1D9</pid><AMBSpecimen><name>AMB2022-718-AMMT-B7-P1-L10-W1</name><description>1 layer wall - as built</description><primaryContact><name>Zhang, Fan</name><email>fan.zhang@nist.gov</email><orcidID>0000-0003-1248-0278</orcidID></primaryContact><note><title>Comments</title><text>Within thermography ROI</text></note><note><title>Measurement_Requirements</title><text>whole wall</text></note><note><title>Measurement_method</title><text>High_energy_diffraction</text></note><identifier><id>AMB2022-718-AMMT-B7-P1-L10-W1</id><type>Internal identifier</type></identifier><location>NIST Gaithersburg, 223/B160</location><materialInfo><materialClass>metal; alloy; Ni alloy; Ni-based super alloy; IN718</materialClass><sourceMaterialId>https://ambench2022.nist.gov/pid/rest/local/cdcs/526BWB5BAIPV8FVB</sourceMaterialId></materialInfo><processingSteps><ProcessingStep><id>1.0</id><description>Part cut into smaller pieces using EDM</description><processingIllustration><handle>https://ambench2022.nist.gov/rest/blob/download/136/</handle><checksum>9e67971cd0089fdfce875190956dd252</checksum><description>Scan structure and numbering of thin walls</description></processingIllustration><completeDate>2021-08-20T00:00:00</completeDate><primaryContact><name>Phan, Thien</name><email>phan11@llnl.gov</email><orcidID>0000-0001-9374-1366</orcidID></primaryContact></ProcessingStep><ProcessingStep><id>2.0</id><description>EDM cuts to expose 1-layer and 2-layer walls</description><completeDate>2021-08-20T00:00:00</completeDate><primaryContact><name>Phan, Thien</name><email>phan11@llnl.gov</email><orcidID>0000-0001-9374-1366</orcidID></primaryContact></ProcessingStep><ProcessingStep><id>3.0</id><description>EDM cuts to extract 1-layer and 2-layer walls</description><completeDate>2021-09-08T00:00:00</completeDate><primaryContact><name>Phan, Thien</name><email>phan11@llnl.gov</email><orcidID>0000-0001-9374-1366</orcidID></primaryContact></ProcessingStep></processingSteps><benchmarkId>AMB2022-01</benchmarkId><status>as built</status><purpose>whole wall</purpose><parent><buildPlateId>https://ambench2022.nist.gov/pid/rest/local/cdcs/RRWX582XWX7TLZCC</buildPlateId><buildPartId>https://ambench2022.nist.gov/pid/rest/local/cdcs/WSFAEYIP1KCK7TPU</buildPartId></parent></AMBSpecimen></AMDoc>