<AMDoc><pid>https://ambench2022.nist.gov/pid/rest/local/cdcs/IPPISG3FNSJ529P6</pid><AMBuildPart><name>AMB2022-718-AMMT-B9-P1</name><description>Bridge structure designed to be suitable for a variety of characterization measurements.  In situ thermography was used during the build process.</description><primaryContact><name>Levine, Lyle</name><email>lyle.levine@nist.gov</email><orcidID>0000-0003-3448-4229</orcidID></primaryContact><identifier><id>AMB2022-718-AMMT-B9-P1</id><type>Internal identifier</type></identifier><location>unknown</location><materialInfo><materialClass>metal; alloy; Ni alloy; Ni-based super alloy; IN718</materialClass><sourceMaterialId>https://ambench2022.nist.gov/pid/rest/local/cdcs/526BWB5BAIPV8FVB</sourceMaterialId></materialInfo><benchmarkId>AMB2025</benchmarkId><purpose>AMB2025 - extensions</purpose><designDiagram><handle>https://ambench2022.nist.gov/rest/blob/download/125/</handle><checksum>083fb541f824d303faf13884bb5ca389</checksum></designDiagram><buildPlateId>https://ambench2022.nist.gov/pid/rest/local/cdcs/CEQBRYJNHYYU54W9</buildPlateId><partLabel>P1</partLabel></AMBuildPart></AMDoc>