<AMDoc><pid>https://ambench2022.nist.gov/pid/rest/local/cdcs/BAUFRJ8NTC8CLE5R</pid><AMBSpecimen><name>AMB2022-625-CBM-B2-90-X.13-3</name><description>macro-tensile specimens of different orientation</description><primaryContact><name>Hrabe, Nik</name><email>nik.hrabe@nist.gov</email><orcidID>0000-0001-7585-0980</orcidID></primaryContact><note><title>Measurement_method</title><text>macro-tensile</text></note><identifier><id>AMB2022-625-CBM-B2-90-X.13-3</id><type>Internal identifier</type></identifier><location>NIST Boulder, 02/2885</location><materialInfo><materialClass>metal; alloy; Ni alloy; Ni-based super alloy; IN625</materialClass><sourceMaterialId>https://ambench2022.nist.gov/pid/rest/local/cdcs/T5E99OQBKI2VNFUC</sourceMaterialId></materialInfo><benchmarkId>AMB2022-04</benchmarkId><status>all measurements complete</status><parent><buildPlateId>https://ambench2022.nist.gov/pid/rest/local/cdcs/D9UBTK5111PJAW1K</buildPlateId><buildPartId>https://ambench2022.nist.gov/pid/rest/local/cdcs/61P1GZZZARWPUMMV</buildPartId></parent></AMBSpecimen></AMDoc>