<AMDoc><pid>https://ambench2022.nist.gov/pid/rest/local/cdcs/0YEOM3V0HMID74CS</pid><AMBSpecimen><name>AMB2022-718-AMMT-B8-P1-L8</name><description>0.5 mm leg - as built</description><primaryContact><name>Hrabe, Nik</name><email>nik.hrabe@nist.gov</email><orcidID>0000-0001-7585-0980</orcidID></primaryContact><note><title>Comments</title><text>Within thermography ROI</text></note><note><title>Measurement_method</title><text>XRCT</text></note><identifier><id>AMB2022-718-AMMT-B8-P1-L8</id><type>Internal identifier</type></identifier><location>NIST Boulder</location><materialInfo><materialClass>metal; alloy; Ni alloy; Ni-based super alloy; IN718</materialClass><sourceMaterialId>https://ambench2022.nist.gov/pid/rest/local/cdcs/526BWB5BAIPV8FVB</sourceMaterialId></materialInfo><benchmarkId>AMB2022-01</benchmarkId><status>as built</status><parent><buildPlateId>https://ambench2022.nist.gov/pid/rest/local/cdcs/L3K0CEHHHWE2SDKL</buildPlateId><buildPartId>https://ambench2022.nist.gov/pid/rest/local/cdcs/4OWMWZ1Z01GJAWS5</buildPartId></parent></AMBSpecimen></AMDoc>