<AMDoc><pid>https://ambench2022.nist.gov/pid/rest/local/cdcs/MHTL2MVY1L21UGDD</pid><AMBuildPart><name>AMB2022-718-AMMT-B2-G2</name><description>Guide wing that provides protection for the bridge structures during the build.  Material can be used for composition measurements.</description><identifier><id>AMB2022-718-AMMT-B2-G2</id><type>Internal identifier</type></identifier><location>unknown</location><materialInfo><materialClass>metal; alloy; Ni alloy; Ni-based super alloy; IN718</materialClass><sourceMaterialId>https://ambench2022.nist.gov/pid/rest/local/cdcs/526BWB5BAIPV8FVB</sourceMaterialId></materialInfo><benchmarkId>AMB2022-01</benchmarkId><status>Failed quality check</status><purpose>Test material</purpose><buildPlateId>https://ambench2022.nist.gov/pid/rest/local/cdcs/T8FETDWTHOBMD3LM</buildPlateId><partLabel>G2</partLabel></AMBuildPart></AMDoc>