<AMDoc><pid>https://ambench2022.nist.gov/pid/rest/local/cdcs/9JLP0F1PLUEM52HC</pid><AMBSpecimen><name>AMB2022-718-AMMT-B6-P4-L10-W2</name><description>2 layer wall - heat treated</description><primaryContact><name>Zhang, Fan</name><email>fan.zhang@nist.gov</email><orcidID>0000-0003-1248-0278</orcidID></primaryContact><note><title>Measurement_Requirements</title><text>whole wall</text></note><note><title>Measurement_method</title><text>HED</text></note><identifier><id>AMB2022-718-AMMT-B6-P4-L10-W2</id><type>Internal identifier</type></identifier><location>NIST Gaithersburg, 223/B160</location><materialInfo><materialClass>metal; alloy; Ni alloy; Ni-based super alloy; IN718</materialClass><sourceMaterialId>https://ambench2022.nist.gov/pid/rest/local/cdcs/526BWB5BAIPV8FVB</sourceMaterialId></materialInfo><benchmarkId>AMB2022-01</benchmarkId><status>as built</status><purpose>whole wall</purpose><parent><buildPlateId>https://ambench2022.nist.gov/pid/rest/local/cdcs/GK1GVW851DEFIW2Y</buildPlateId><buildPartId>https://ambench2022.nist.gov/pid/rest/local/cdcs/IHRS9ZJ0QQBDU5W6</buildPartId></parent></AMBSpecimen></AMDoc>