<AMDoc><pid>https://ambench2022.nist.gov/pid/rest/local/cdcs/BKZVOB5XRL6VN5MM</pid><AMBuildPlate><name>AMB2018-625-CBM-B3</name><description>3D build of IN625 parts conducted using an EOS 270.</description><primaryContact><name>Weaver, Jordan</name><email>jordan.weaver@nist.gov</email><orcidID>0000-0003-4857-5164</orcidID></primaryContact><note><title>Status</title><text>Spare build plate from 2018 used for AMB2022-04 and AMB2022-05.</text></note><note><title>Acceptance</title><text>Passed</text></note><note><title>Measurements</title><text>Thermography, thermocouples</text></note><identifier><id>AMB2018-625-CBM-B3</id><type>Internal identifier</type></identifier><creationDate>2018-12-18T00:00:00</creationDate><location>Separated into pieces</location><materialInfo><materialClass>metal; alloy; Ni alloy; Ni-based super alloy; IN625</materialClass><sourceMaterialId>https://ambench2022.nist.gov/pid/rest/local/cdcs/L3GB36AAKOEK8QNU</sourceMaterialId></materialInfo><benchmarkId>AMB2022-04; AMB2022-05</benchmarkId><status>Spare build plate from 2018 used for AMB2022-04 and AMB2022-05.</status><purpose>Other</purpose><designDiagram><handle>https://ambench2022.nist.gov/rest/blob/download/123/</handle><checksum>973d04137996acbf8c8b70714a864d95</checksum></designDiagram></AMBuildPlate></AMDoc>