<AMDoc><pid>https://ambench2022.nist.gov/pid/rest/local/cdcs/LJEZRG1RUE9PUVCT</pid><AMBuildPart><name>AMB2022-718-AMMT-B1-G2</name><description>Guide wing that provides protection for the bridge structures during the build.  Material can be used for composition measurements.</description><identifier><id>AMB2022-718-AMMT-B1-G2</id><type>Internal identifier</type></identifier><creationDate>2021-05-27T00:00:00</creationDate><location>AMRC</location><materialInfo><materialClass>metal; alloy; Ni alloy; Ni-based super alloy; IN718</materialClass><sourceMaterialId>https://ambench2022.nist.gov/pid/rest/local/cdcs/526BWB5BAIPV8FVB</sourceMaterialId></materialInfo><benchmarkId>AMB2022-01</benchmarkId><status>Failed/ OK for composition and annealing tests</status><purpose>Test material</purpose><buildPlateId>https://ambench2022.nist.gov/pid/rest/local/cdcs/N5C1HKQ9BZO3ZS66</buildPlateId><partLabel>G2</partLabel></AMBuildPart></AMDoc>