<AMDoc><pid>https://ambench2022.nist.gov/pid/rest/local/cdcs/UZ11YEUQE7S7CNLP</pid><AMBSpecimen><name>AMB2022-718-AMMT-B6-P3-O1</name><description>Cut from endsection - as built</description><primaryContact><name>Phan, Thien</name><email>phan11@llnl.gov</email><orcidID>0000-0001-9374-1366</orcidID></primaryContact><note><title>Measurement_Requirements</title><text>do test specimen</text></note><note><title>Measurement_method</title><text>RS_synchrotron_ED</text></note><identifier><id>AMB2022-718-AMMT-B6-P3-O1</id><type>Internal identifier</type></identifier><location>NIST Gaithersburg</location><materialInfo><materialClass>metal; alloy; Ni alloy; Ni-based super alloy; IN718</materialClass><sourceMaterialId>https://ambench2022.nist.gov/pid/rest/local/cdcs/526BWB5BAIPV8FVB</sourceMaterialId></materialInfo><processingSteps><ProcessingStep><id>1.0</id><processingIllustration><handle>https://ambench2022.nist.gov/rest/blob/download/134/</handle><checksum>0269a323dfc4fe7f260b60287ea488d8</checksum></processingIllustration></ProcessingStep></processingSteps><benchmarkId>AMB2022-01</benchmarkId><status>as built</status><purpose>do test specimen</purpose><parent><buildPlateId>https://ambench2022.nist.gov/pid/rest/local/cdcs/GK1GVW851DEFIW2Y</buildPlateId><buildPartId>https://ambench2022.nist.gov/pid/rest/local/cdcs/ACWTLPS56INCJ5CD</buildPartId></parent></AMBSpecimen></AMDoc>