<AMDoc><pid>https://ambench2022.nist.gov/pid/rest/local/cdcs/P3LOS47L8B2TPI1K</pid><AMBSpecimen><name>AMB2022-718-AMMT-B6-P1-L10-W3</name><description>1 layer wall - as built</description><primaryContact><name>Hrabe, Nik</name><email>nik.hrabe@nist.gov</email><orcidID>0000-0001-7585-0980</orcidID></primaryContact><note><title>Comments</title><text>Within thermography ROI</text></note><note><title>Measurement_Requirements</title><text>Part of full hollow leg</text></note><note><title>Measurement_method</title><text>XRCT</text></note><identifier><id>AMB2022-718-AMMT-B6-P1-L10-W3</id><type>Internal identifier</type></identifier><location>NIST Boulder</location><materialInfo><materialClass>metal; alloy; Ni alloy; Ni-based super alloy; IN718</materialClass><sourceMaterialId>https://ambench2022.nist.gov/pid/rest/local/cdcs/526BWB5BAIPV8FVB</sourceMaterialId></materialInfo><benchmarkId>AMB2022-01</benchmarkId><status>as built</status><purpose>Part of full hollow leg</purpose><parent><buildPlateId>https://ambench2022.nist.gov/pid/rest/local/cdcs/GK1GVW851DEFIW2Y</buildPlateId><buildPartId>https://ambench2022.nist.gov/pid/rest/local/cdcs/4K4YIN4FEO2UIGMK</buildPartId></parent></AMBSpecimen></AMDoc>