<AMDoc><pid>https://ambench2022.nist.gov/pid/rest/local/cdcs/4LCAX143ZEML04UH</pid><AMBuildPart><name>AMB2022-625-CBM-B1-TH1</name><description>Starting material for producing meso-tensile specimens</description><primaryContact><name>Hrabe, Nik</name><email>nik.hrabe@nist.gov</email><orcidID>0000-0001-7585-0980</orcidID></primaryContact><identifier><id>AMB2022-625-CBM-B1-TH1</id><type>Internal identifier</type></identifier><creationDate>2020-12-08T00:00:00</creationDate><location>NIST Boulder</location><materialInfo><materialClass>metal; alloy; Ni alloy; Ni-based super alloy; IN625</materialClass><sourceMaterialId>https://ambench2022.nist.gov/pid/rest/local/cdcs/Z9C1W8ZDI2FSVEKB</sourceMaterialId></materialInfo><benchmarkId>AMB2022-04</benchmarkId><purpose>Material for meso-tensile specimens</purpose><designDiagram><handle>https://ambench2022.nist.gov/rest/blob/download/124/</handle><checksum>9357eb10bd5ebe336c6f9d15c8d319d7</checksum></designDiagram><buildPlateId>https://ambench2022.nist.gov/pid/rest/local/cdcs/JGQNREM427JM6RVI</buildPlateId><partLabel>TH1.AMB.625</partLabel></AMBuildPart></AMDoc>