<AMDoc><pid>https://ambench2022.nist.gov/pid/rest/local/cdcs/AYD2FHPI5G1YKJ2O</pid><AMBuildPart><name>AMB2022-625-CBM-B2-60-X.14</name><description>Starting material for producing miniature macroscale tensile specimen</description><primaryContact><name>Hrabe, Nik</name><email>nik.hrabe@nist.gov</email><orcidID>0000-0001-7585-0980</orcidID></primaryContact><identifier><id>AMB2022-625-CBM-B2-60-X.14</id><type>Internal identifier</type></identifier><location>NIST Boulder</location><materialInfo><materialClass>metal; alloy; Ni alloy; Ni-based super alloy; IN625</materialClass><sourceMaterialId>https://ambench2022.nist.gov/pid/rest/local/cdcs/T5E99OQBKI2VNFUC</sourceMaterialId></materialInfo><benchmarkId>AMB2022-04</benchmarkId><purpose>material for macro-tensile specimens with different orientation</purpose><designDiagram><handle>https://ambench2022.nist.gov/rest/blob/download/127/</handle><checksum>7de19af2541b2b405f2085158b536c81</checksum></designDiagram><buildPlateId>https://ambench2022.nist.gov/pid/rest/local/cdcs/D9UBTK5111PJAW1K</buildPlateId><partLabel>625-X.14</partLabel></AMBuildPart></AMDoc>