<AMDoc><pid>https://ambench2022.nist.gov/pid/rest/local/cdcs/CXPO3NO1K1KY1F6U</pid><AMBuildPart><name>AMB2022-718-AMMT-B5-P1</name><description>Bridge structure designed to be suitable for a variety of characterization measurements.  In situ thermography was used during the build process.</description><identifier><id>AMB2022-718-AMMT-B5-P1</id><type>Internal identifier</type></identifier><location>unknown</location><materialInfo><materialClass>metal; alloy; Ni alloy; Ni-based super alloy; IN718</materialClass><sourceMaterialId>https://ambench2022.nist.gov/pid/rest/local/cdcs/526BWB5BAIPV8FVB</sourceMaterialId></materialInfo><benchmarkId>AMB2022-01</benchmarkId><status>Failed quality check</status><purpose>AMB2025 - extensions</purpose><buildPlateId>https://ambench2022.nist.gov/pid/rest/local/cdcs/UNQ4PM46IB11Y04O</buildPlateId><partLabel>P1</partLabel></AMBuildPart></AMDoc>