<AMDoc><pid>https://ambench2022.nist.gov/pid/rest/local/cdcs/KTX3BU3SKR2HOCSF</pid><AMBSpecimen><name>AMB2022-625-CBM-B1-T3-O1</name><description>ASTM E8/E8M – 21 dogbone using a subsize specimen - as built</description><primaryContact><name>Habib, Saadi</name><email>saadi.habib@nist.gov</email><orcidID>0000-0001-9777-8852</orcidID></primaryContact><note><title>Measurement_method</title><text>Tensile test with DIC</text></note><identifier><id>AMB2022-625-CBM-B1-T3-O1</id><type>Internal identifier</type></identifier><location>NIST Gaithersburg, 223/A123</location><materialInfo><materialClass>metal; alloy; Ni alloy; Ni-based super alloy; IN625</materialClass><sourceMaterialId>https://ambench2022.nist.gov/pid/rest/local/cdcs/Z9C1W8ZDI2FSVEKB</sourceMaterialId></materialInfo><processingSteps><ProcessingStep><id>1.0</id><description>Machined and polished</description><primaryContact><name>Habib, Saadi</name><email>saadi.habib@nist.gov</email><orcidID>0000-0001-9777-8852</orcidID></primaryContact></ProcessingStep></processingSteps><benchmarkId>AMB2022-04</benchmarkId><status>as built; machined</status><parent><buildPlateId>https://ambench2022.nist.gov/pid/rest/local/cdcs/JGQNREM427JM6RVI</buildPlateId><buildPartId>https://ambench2022.nist.gov/pid/rest/local/cdcs/1Y4ZCJ4UH0II7WX2</buildPartId></parent></AMBSpecimen></AMDoc>