<AMDoc><pid>https://ambench2022.nist.gov/pid/rest/local/cdcs/L5FFFKI9N5G1802D</pid><AMBuildProcess><name>AMB2022-718-AMMT-B1</name><primaryContact><name>David Deisenroth</name><email>david.deisenroth@nist.gov</email></primaryContact><AMBuildProcessType><LaserPowderBedFusion><BuildEnviroment><BuildAtmosphere>argon</BuildAtmosphere><GasFlow><FlowType>Laminar</FlowType></GasFlow><ReCoating><ReCoaterType>Blade</ReCoaterType><ReCoaterMaterial>Tool Steel</ReCoaterMaterial></ReCoating></BuildEnviroment><BuildParameters><Laser><NominalLaserPower>285</NominalLaserPower><LaserPowerValueUnit>W</LaserPowerValueUnit><NominalScanningSpeedValue>960</NominalScanningSpeedValue><ScanningSpeedUnit>mm/s</ScanningSpeedUnit><NominalLaserSpotSize>0.09</NominalLaserSpotSize><NominalLaserSpotSize_MeasureDefinition>D4sigma</NominalLaserSpotSize_MeasureDefinition><SpotSizeUnit>mm</SpotSizeUnit></Laser><SolidLayers><LayerThickness>0.04</LayerThickness><ThicknessUnits>mm</ThicknessUnits><TotalNumberLayers>313</TotalNumberLayers></SolidLayers><ScanGeometry><ScanType>Stripe</ScanType><HatchingSpacing><HatchSpacingValue>0.11</HatchSpacingValue><HatchSpacingUnit>um</HatchSpacingUnit></HatchingSpacing><RotationBetweenLayers><RotationAngleBetweenLayers>0,90</RotationAngleBetweenLayers><RotationAngleUnit>Degrees</RotationAngleUnit></RotationBetweenLayers><ScanGeometryNotes><text>Standard 2022 AMBench build settings on AMMT. Ho's special
                            sauce</text></ScanGeometryNotes></ScanGeometry></BuildParameters></LaserPowderBedFusion></AMBuildProcessType><!--Skipping: SampleNotes--><!--Skipping: PrintingNotes--><powder>https://ambench2022.nist.gov/pid/rest/local/cdcs/526BWB5BAIPV8FVB</powder><buildPlateID>https://ambench2022.nist.gov/pid/rest/local/cdcs/N5C1HKQ9BZO3ZS66</buildPlateID></AMBuildProcess></AMDoc>