<AMDoc><pid>https://ambench2022.nist.gov/pid/rest/local/cdcs/8TJLES21F3WJMKDP</pid><AMComposition><name>Composition_TI64-D1</name><description>Composition measurement for solid Ti-6Al-4V material from  AAMB2022-TI64-D1</description><documentation>https://www-s.nist.gov/srmors/certificates/654b.pdf</documentation><primaryContact><name>Simonds, Brian</name><email>brian.simonds@nist.gov</email><orcidID>0000-0002-9758-0704</orcidID></primaryContact><contributor><person><name>Simonds, Brian</name><email>brian.simonds@nist.gov</email><orcidID>0000-0002-9758-0704</orcidID></person></contributor><contributor><person><name>Levine, Lyle</name><email>lyle.levine@nist.gov</email><orcidID>0000-0003-3448-4229</orcidID></person></contributor><contributor><person><name>Kim, Jai Won</name><email>jkim485@jhu.edu</email><orcidID>0000-0002-7006-4603</orcidID></person></contributor><note><title>Disclaimer</title><text>This elemental composition measurement was not conducted by the AM Bench 2022 measurement teams.  It was conducted by an accredited materials testing laboratory.</text></note><identifier><id>Composition_TI64-D1</id><type>Internal identifier</type></identifier><relatedStandard><accessURL>https://www-s.nist.gov/srmors/certificates/654b.pdf</accessURL></relatedStandard><challengeId>CHAL-A-AMB2022-01-Spot-TDA</challengeId><challengeId>CHAL-A-AMB2022-01-Spot-AA</challengeId><challengeId>CHAL-A-AMB2022-01-Spot-TDW</challengeId><challengeId>CHAL-A-AMB2022-01-Spot-ASR</challengeId><challengeId>CHAL-A-AMB2022-01-Scan-TDA</challengeId><challengeId>CHAL-A-AMB2022-01-Scan-AA</challengeId><challengeId>CHAL-A-AMB2022-01-Scan-MWD</challengeId><challengeId>CHAL-A-AMB2022-01-Scan-ASR</challengeId><facility>NIST</facility><isCalibrationMeasurement>N</isCalibrationMeasurement><measurementInfo><measurementType>Composition</measurementType><typeDescription>determination of what elements are present in the sample and in what quantity</typeDescription><measuredQuantity>elemental composition</measuredQuantity><modelingApproach>phase field, thermo-kinetic, CALPHAD, ICME</modelingApproach><buildProcessInSitu>N</buildProcessInSitu><postBuildProcessInSitu>N</postBuildProcessInSitu></measurementInfo><measurementMethod><instrumentConfiguration/></measurementMethod><specimen><specimenID>TI64-D1</specimenID><specimenPID>https://ambench2022.nist.gov/pid/rest/local/cdcs/PBBOBFU60S4ZJO5D</specimenPID><type>Material</type><materialInfo><materialClass>metal; alloy; Ti alloy; Ti-6Al-4V</materialClass></materialInfo><geometry/></specimen><results><testReport><identifier>SRM 654b</identifier><type>file</type><accessURL>https://www-s.nist.gov/srmors/certificates/654b.pdf</accessURL></testReport><composition><Constituents><constituent><element>H</element><quantity><value>0.002</value><unit>mass fraction</unit></quantity><isUpperBound>false</isUpperBound></constituent><constituent><element>B</element><quantity><value>1.12</value><unit>mg/kg</unit></quantity><isUpperBound>false</isUpperBound></constituent><constituent><element>O</element><quantity><value>0.17</value><unit>mass fraction</unit></quantity><isUpperBound>false</isUpperBound></constituent><constituent><element>Al</element><quantity><value>6.34</value><unit>mass fraction</unit></quantity><isUpperBound>false</isUpperBound></constituent><constituent><element>Si</element><quantity><value>0.045</value><unit>mass fraction</unit></quantity><isUpperBound>false</isUpperBound></constituent><constituent><element>S</element><quantity><value>0.001</value><unit>mass fraction</unit></quantity><isUpperBound>false</isUpperBound></constituent><constituent><element>V</element><quantity><value>4.31</value><unit>mass fraction</unit></quantity><isUpperBound>false</isUpperBound></constituent><constituent><element>Cr</element><quantity><value>0.025</value><unit>mass fraction</unit></quantity><isUpperBound>false</isUpperBound></constituent><constituent><element>Fe</element><quantity><value>0.23</value><unit>mass fraction</unit></quantity><isUpperBound>false</isUpperBound></constituent><constituent><element>Ni</element><quantity><value>0.028</value><unit>mass fraction</unit></quantity><isUpperBound>false</isUpperBound></constituent><constituent><element>Cu</element><quantity><value>80.0</value><unit>mg/kg</unit></quantity><isUpperBound>false</isUpperBound></constituent><constituent><element>Zr</element><quantity><value>0.008</value><unit>mass fraction</unit></quantity><isUpperBound>false</isUpperBound></constituent><constituent><element>Mo</element><quantity><value>0.013</value><unit>mass fraction</unit></quantity><isUpperBound>false</isUpperBound></constituent><constituent><element>Sn</element><quantity><value>230.0</value><unit>mg/kg</unit></quantity><isUpperBound>false</isUpperBound></constituent></Constituents></composition></results></AMComposition></AMDoc>