<AMDoc><pid>https://ambench2022.nist.gov/pid/rest/local/cdcs/YNA120FKF1ETADPW</pid><AMComposition><name>Composition_625-M421601</name><description>Composition measurement for powder from lot number M421601</description><documentation>https://s3.amazonaws.com/nist-midas/1889/AMB2018-01_625_MaterialCertificate.pdf</documentation><primaryContact><name>Levine, Lyle</name><email>lyle.levine@nist.gov</email><orcidID>0000-0003-3448-4229</orcidID></primaryContact><contributor><person><name>Levine, Lyle</name><email>lyle.levine@nist.gov</email><orcidID>0000-0003-3448-4229</orcidID></person></contributor><contributor><person><name>Kim, Jai Won</name><email>jkim485@jhu.edu</email><orcidID>0000-0002-7006-4603</orcidID></person></contributor><note><title>Disclaimer</title><text>This elemental composition measurement was not conducted by the AM Bench 2022 measurement teams.  It was conducted by an accredited materials testing laboratory.</text></note><identifier><id>Composition_625-M421601</id><type>Internal identifier</type></identifier><relatedStandard><title>Elemental analysis according to ASTM E2823/E1479 (ICP), except for C/S acc. to ASTM E1019 (combustion), and O/N acc. to ASTM E1019 (fusion)</title></relatedStandard><challengeId>CHAL-AMB2022-04-MaCTO</challengeId><challengeId>CHAL-AMB2022-05-MS</challengeId><facility>Electro Optical Systems Finland</facility><measurementInfo><measurementType>Composition</measurementType><typeDescription>determination of what elements are present in the sample and in what quantity</typeDescription><measuredQuantity>elemental composition</measuredQuantity><modelingApproach>phase field, thermo-kinetic, CALPHAD, ICME</modelingApproach><buildProcessInSitu>N</buildProcessInSitu><postBuildProcessInSitu>N</postBuildProcessInSitu></measurementInfo><measurementMethod><instrumentConfiguration/></measurementMethod><specimen><specimenID>M421601</specimenID><specimenPID>https://ambench2022.nist.gov/pid/rest/local/cdcs/L3GB36AAKOEK8QNU</specimenPID><type>AMPowder</type><materialInfo><materialClass>metal; alloy; Ni alloy; Ni-based super alloy; IN625</materialClass></materialInfo><geometry/></specimen><results><testReport><type>file</type><accessURL>https://s3.amazonaws.com/nist-midas/1889/AMB2018-01_625_MaterialCertificate.pdf</accessURL></testReport><composition><Constituents><constituent><element>Ni</element><quantity><value>64.66</value><unit>mass fraction</unit></quantity><isUpperBound>false</isUpperBound></constituent><constituent><element>Cr</element><quantity><value>20.61</value><unit>mass fraction</unit></quantity><isUpperBound>false</isUpperBound></constituent><constituent><element>Fe</element><quantity><value>0.81</value><unit>mass fraction</unit></quantity><isUpperBound>false</isUpperBound></constituent><constituent><element>Mo</element><quantity><value>8.82</value><unit>mass fraction</unit></quantity><isUpperBound>false</isUpperBound></constituent><constituent><element>Nb</element><quantity><value>3.97</value><unit>mass fraction</unit></quantity><isUpperBound>false</isUpperBound></constituent><constituent><element>Co</element><quantity><value>0.17</value><unit>mass fraction</unit></quantity><isUpperBound>false</isUpperBound></constituent><constituent><element>Ti</element><quantity><value>0.39</value><unit>mass fraction</unit></quantity><isUpperBound>false</isUpperBound></constituent><constituent><element>Al</element><quantity><value>0.3</value><unit>mass fraction</unit></quantity><isUpperBound>false</isUpperBound></constituent><constituent><element>Si</element><quantity><value>0.18</value><unit>mass fraction</unit></quantity><isUpperBound>false</isUpperBound></constituent><constituent><element>Mn</element><quantity><value>0.04</value><unit>mass fraction</unit></quantity><isUpperBound>false</isUpperBound></constituent><constituent><element>P</element><quantity><value>0.01</value><unit>mass fraction</unit></quantity><isUpperBound>true</isUpperBound></constituent><constituent><element>Ta</element><quantity><value>0.01</value><unit>mass fraction</unit></quantity><isUpperBound>false</isUpperBound></constituent><constituent><element>C</element><quantity><value>0.02</value><unit>mass fraction</unit></quantity><isUpperBound>false</isUpperBound></constituent><constituent><element>S</element><quantity><value>0.005</value><unit>mass fraction</unit></quantity><isUpperBound>true</isUpperBound></constituent><constituent><element>O</element><quantity><value>0.013</value><unit>mass fraction</unit></quantity><isUpperBound>false</isUpperBound></constituent><constituent><element>N</element><quantity><value>0.012</value><unit>mass fraction</unit></quantity><isUpperBound>false</isUpperBound></constituent></Constituents></composition></results></AMComposition></AMDoc>