<AMDoc><pid>https://ambench2022.nist.gov/pid/rest/local/cdcs/Z9C1W8ZDI2FSVEKB</pid><AMPowder><name>M051701</name><identifier><id>M051701</id><type>Internal identifier</type></identifier><materialInfo><materialClass>metal; alloy; Ni alloy; Ni-based super alloy; IN625</materialClass></materialInfo><supplier>Electro Optical Systems Finland</supplier><lotNumber>M051701</lotNumber><usageType>Virgin</usageType><atomizationType>Nitrogen</atomizationType><providedCharacterization><accessURL>https://github.com/usnistgov/AMB2022-template/blob/b6e35adc00f0af22a62164fcbf500fbaf65ade1e/Build_Powder_Characteristics/M051701%20chemistry%20meso%20build.PDF</accessURL></providedCharacterization></AMPowder></AMDoc>