<AMDoc><pid>https://ambench2022.nist.gov/pid/rest/local/cdcs/T5E99OQBKI2VNFUC</pid><AMPowder><name>M341901</name><identifier><id>M341901</id><type>Internal identifier</type></identifier><materialInfo><materialClass>metal; alloy; Ni alloy; Ni-based super alloy; IN625</materialClass></materialInfo><supplier>Electro Optical Systems Finland</supplier><lotNumber>M341901</lotNumber><usageType>Virgin</usageType><atomizationType>Nitrogen</atomizationType><providedCharacterization><accessURL>https://github.com/usnistgov/AMB2022-template/blob/b6e35adc00f0af22a62164fcbf500fbaf65ade1e/Build_Powder_Characteristics/M341901%20chemistry%20macro%20build.PDF</accessURL></providedCharacterization></AMPowder></AMDoc>