<AMDoc><pid>https://ambench2022.nist.gov/pid/rest/local/cdcs/L3GB36AAKOEK8QNU</pid><AMPowder><name>M421601</name><identifier><id>M421601</id><type>Internal identifier</type></identifier><materialInfo><materialClass>metal; alloy; Ni alloy; Ni-based super alloy; IN625</materialClass></materialInfo><supplier>Electro Optical Systems Finland</supplier><lotNumber>M421601</lotNumber><usageType>Virgin</usageType><atomizationType>Nitrogen</atomizationType><providedCharacterization><accessURL>https://s3.amazonaws.com/nist-midas/1889/AMB2018-01_625_MaterialCertificate.pdf</accessURL></providedCharacterization></AMPowder></AMDoc>