<AMDoc><pid>https://ambench2022.nist.gov/pid/rest/local/cdcs/N4BAW7ID8NGTRQHK</pid><AMRadiography><name>A-AMB2022_Radiography_Al2c_061</name><description>High-speed X-ray transmission radiography of scanning laser irradiation of solid Al alloy AA5182</description><documentation>https://data.nist.gov/od/ds/mds2-2525/2525_README_v110.txt</documentation><documentation>https://doi.org/10.1016/j.apmt.2021.101049</documentation><primaryContact><name>Simonds, Brian</name><email>brian.simonds@nist.gov</email><orcidID>0000-0002-9758-0704</orcidID></primaryContact><contributor><person><name>Tanner, Jack</name><email>jtsnowy777@gmail.com</email><orcidID>0000-0001-9468-8966</orcidID></person></contributor><contributor><person><name>Williams, Paul A.</name><email>paul.williams@nist.gov</email><orcidID>0000-0001-8419-7434</orcidID></person></contributor><contributor><person><name>Artusio-Glimpse, Alexadra</name><email>alexandra.artusio-glimpse@nist.gov</email><orcidID>0000-0002-8289-2393</orcidID></person></contributor><contributor><person><name>Parab, Niranjan</name><email>niranjanparab@gmail.com</email><orcidID>0000-0002-3215-1466</orcidID></person></contributor><contributor><person><name>Zhao, Cang</name><email>cangzhao@tsinghua.edu.cn</email><orcidID>0000-0002-2464-2409</orcidID></person></contributor><contributor><person><name>Sun, Tao</name><email>ts7qw@virginia.edu</email><orcidID>0000-0002-4881-9774</orcidID></person></contributor><contributor><person><name>Kim, Jai Won</name><email>jkim485@jhu.edu</email><orcidID>0000-0002-7006-4603</orcidID></person></contributor><contributor><person><name>Levine, Lyle</name><email>lyle.levine@nist.gov</email><orcidID>0000-0003-3448-4229</orcidID></person></contributor><identifier><id>A-AMB2022_Radiography_Al2c_061</id><type>Internal identifier</type></identifier><journalPublication><DOI>10.1016/j.apmt.2021.101049</DOI><type>file</type><accessURL>https://doi.org/10.1016/j.apmt.2021.101049</accessURL></journalPublication><journalPublication><DOI>10.1016/j.addlet.2021.100002</DOI><type>file</type><accessURL>https://doi.org/10.1016/j.addlet.2021.100002</accessURL></journalPublication><journalPublication><DOI>10.1016/j.procir.2020.09.135</DOI><type>file</type><accessURL>https://doi.org/10.1016/j.procir.2020.09.135</accessURL></journalPublication><referencePublication><DOI>10.1107/S1600577518009554</DOI><type>file</type><accessURL>https://doi.org/10.1107/S1600577518009554</accessURL></referencePublication><startDate>2019-06-13T00:00:00</startDate><completeDate>2019-06-13T00:00:00</completeDate><benchmarkId>A-AMB2022-01</benchmarkId><challengeId>CHAL-A-AMB2022-01-Scan-TDA</challengeId><challengeId>CHAL-A-AMB2022-01-Scan-AA</challengeId><facility>Advanced Photon Source</facility><relatedMeasurement><type>LaserAbsorptivity</type><measurementIdentifier><id>A-AMB2022_Absorptivity_Al2c_061</id><type>Internal identifier</type></measurementIdentifier><measurementPID>https://ambench2022.nist.gov/pid/rest/local/cdcs/L8BMNDKVX8DKQEMF</measurementPID></relatedMeasurement><isCalibrationMeasurement>N</isCalibrationMeasurement><measurementInfo><measurementType>Radiography</measurementType><typeDescription>measures density variations in sample</typeDescription><measuredQuantity>melt pool shape; melt pool dynamics</measuredQuantity><modelingApproach>computational fluid dynamics, CFD, finite element modeling, FEM, finite element approach, FEA, thermal model</modelingApproach><keyword>high speed imaging</keyword><buildProcessInSitu>Y</buildProcessInSitu><postBuildProcessInSitu>N</postBuildProcessInSitu></measurementInfo><measurementMethod><instrumentConfiguration><ancillaryInstrument><name>AM Simulator on 32-ID-B</name><description>https://docs32id.readthedocs.io/en/latest/index.html</description><physicalLocation>Advanced Photon Source</physicalLocation><instrumentMetadata><field><name>Beamline</name><value>32-ID-B</value></field></instrumentMetadata><detector><name>1</name><description>Detector_description</description><model>Photron FASTCAM SA-Z type 2100K-M-64GB</model></detector></ancillaryInstrument></instrumentConfiguration><experimentConfiguration><component><field><name>Field_of_view_width</name><quantity><value>2.0</value><unit>mm</unit></quantity></field><field><name>Field_of_view_height</name><quantity><value>0.7</value><unit>mm</unit></quantity></field><field><name>Pixel_width</name><quantity><value>1.923</value><unit>μm</unit></quantity></field><field><name>Pixel_height</name><quantity><value>1.923</value><unit>μm</unit></quantity></field><field><name>Frame_rate</name><quantity><value>50000.0</value><unit>Hz</unit></quantity></field><field><name>Exposure_time</name><quantity><value>2.5</value><unit>μs</unit></quantity></field><associatedInstrument><instrumentName>AM Simulator on 32-ID-B</instrumentName><detector>1</detector></associatedInstrument></component></experimentConfiguration></measurementMethod><specimen><specimenID>AAMB2022-AA5182-D1-O2</specimenID><specimenPID>https://ambench2022.nist.gov/pid/rest/local/cdcs/F2ESHH5RBWLXVI08</specimenPID><type>AMBSpecimen</type><materialInfo><materialClass>metal; alloy; Al alloy; AA5182</materialClass><sourceMaterialId>https://ambench2022.nist.gov/pid/rest/local/cdcs/ULQF8WE9O3Q7DJKP</sourceMaterialId></materialInfo><geometry><document><type>file</type><accessURL>https://data.nist.gov/od/id/mds2-2525</accessURL></document><imageRef><handle>https://ambench2022.nist.gov/rest/blob/download/52/</handle><checksum>a9866ef488c8c8f052c60e752089cdac</checksum><description>The incoming laser beam is aligned to gravity and the 7 degree sample tilt is with respect to the surface normal to the incoming beam.</description></imageRef></geometry></specimen><results><dataSet><type>Raw Data</type><dataObject><field><name>Data_file_descriptions</name><digitalArtifact><type>file</type><accessURL>https://data.nist.gov/od/id/mds2-2525</accessURL></digitalArtifact></field></dataObject><dataObject><field><name>Raw_data</name><digitalArtifact><type>file</type><accessURL>https://data.nist.gov/od/ds/mds2-2525/Scan%20on%20Alum_XrayImages_Raw.zip</accessURL></digitalArtifact></field><measuredBy><detector>1</detector></measuredBy></dataObject></dataSet><dataSet><type>Processed Data</type><dataObject><field><name>Processed_data_file_descriptions</name><digitalArtifact><DOI>10.18434/mds2-2525</DOI><type>file</type><accessURL>https://doi.org/10.18434/mds2-2525</accessURL></digitalArtifact></field></dataObject><dataObject><name>Analysis</name><field><name>Analysis_description</name><digitalArtifact><DOI>10.18434/mds2-2525</DOI><type>file</type><accessURL>https://doi.org/10.18434/mds2-2525</accessURL></digitalArtifact></field></dataObject><dataObject><field><name>Processed_data</name><digitalArtifact><type>file</type><accessURL>https://data.nist.gov/od/ds/mds2-2525/Scan%20on%20Alum_XrayImages_processed_captioned.zip</accessURL></digitalArtifact></field></dataObject></dataSet></results></AMRadiography></AMDoc>