<AMDoc><pid>https://ambench2022.nist.gov/pid/rest/local/cdcs/0R4REKEKLM2R5Y1D</pid><AMBSpecimen><name>AMB2022-568-AMMT-B6-P2-L6</name><description>2.5 mm leg - homogenized</description><primaryContact><name>Zhang, Fan</name><email>fan.zhang@nist.gov</email></primaryContact><note><title>Measurement_Requirements</title><text>Thin to about 70 microns</text></note><note><title>Measurement_method</title><text>USAXS/SAXS/WAXS</text></note><identifier><id>AMB2022-568-AMMT-B6-P2-L6</id><type>Internal identifier</type></identifier><location>NIST Gaithersburg, 223/B160</location><materialInfo><materialClass>metal; alloy; Ni alloy; Ni-based super alloy; IN568</materialClass><sourceMaterialId>https://ambench2022.nist.gov/pid/rest/local/cdcs/526BWB5BAIPV8FVB</sourceMaterialId></materialInfo><processingSteps><ProcessingStep><id>1.0</id><description>Part cut into smaller pieces using EDM</description><processingIllustration><handle>https://ambench2022.nist.gov/rest/blob/download/55/</handle><checksum>337956b4f1dc1fb600c7fe03fb67f936</checksum><description>Initial cuts into 4 pieces</description></processingIllustration><processingIllustration><handle>https://ambench2022.nist.gov/rest/blob/download/56/</handle><checksum>59060b86d1d162a0650051c7fbda022e</checksum><description>Hollow leg cut to remove powder and provide pumping air path</description></processingIllustration><processingIllustration><handle>https://ambench2022.nist.gov/rest/blob/download/56/</handle><checksum>2e0434883853fa27a5ebcdcfddae5bb7</checksum><description>Photo of cut pieces</description></processingIllustration><completeDate>2021-07-27T00:00:00</completeDate><primaryContact><name>Phan, Thien</name><email>phan11@llnl.gov</email><orcidID>0000-0001-9374-1366</orcidID></primaryContact></ProcessingStep><ProcessingStep><id>2.0</id><description>Vacuum encapsulated, Homogenization at 1175 C, 1 h, WQ</description><completeDate>2021-09-01T00:00:00</completeDate><primaryContact><name>Moon, Kil-Won</name><email>kil-won.moon@nist.gov</email></primaryContact></ProcessingStep><ProcessingStep><id>3.0</id><description>EDM cuts to 5 mm x 5 mm x 1 mm</description><processingIllustration><handle>https://ambench2022.nist.gov/rest/blob/download/17/</handle><checksum>ea5bc65435387a3ec8d82c3950eb979d</checksum><description>Marking to retain orientation</description></processingIllustration><processingIllustration><handle>https://ambench2022.nist.gov/rest/blob/download/5/</handle><checksum>c8c8dd330dc3e93bdff04810bdcf814a</checksum><description>First cut</description></processingIllustration><processingIllustration><handle>https://ambench2022.nist.gov/rest/blob/download/28/</handle><checksum>18b883adfbeb1e55547c8fc0559f6ae9</checksum><description>Remaining cuts</description></processingIllustration><completeDate>2021-09-08T00:00:00</completeDate><primaryContact><name>Phan, Thien</name><email>phan11@llnl.gov</email><orcidID>0000-0001-9374-1366</orcidID></primaryContact></ProcessingStep><ProcessingStep><id>4.0</id><description>Specimen thinned to 70 microns</description><completeDate>2021-09-21T00:00:00</completeDate><primaryContact><name>Young, Sandra</name><email>sandra.young@nist.gov</email></primaryContact></ProcessingStep></processingSteps><benchmarkId>AMB2022-01</benchmarkId><status>Homogenized, thinned 70 microns</status><purpose>Thin to about 70 microns</purpose><parent><buildPlateId>https://ambench2022.nist.gov/pid/rest/local/cdcs/GK1GVW851DEFIW2Y</buildPlateId><buildPartId>https://ambench2022.nist.gov/pid/rest/local/cdcs/DMHR8E6BY4TUKUHD</buildPartId></parent></AMBSpecimen></AMDoc>