<AMDoc><pid>https://ambench2022.nist.gov/pid/rest/local/cdcs/94T765NPX9VJED12</pid><AMBuildPart><name>AMB2022-718-AMMT-B4-P4</name><description>Bridge structure designed to be suitable for a variety of characterization measurements.</description><identifier><id>AMB2022-718-AMMT-B4-P4</id><type>Internal identifier</type></identifier><location>nan</location><materialInfo><materialClass>metal; alloy; Ni alloy; Ni-based super alloy; IN718</materialClass><sourceMaterialId>https://ambench2022.nist.gov/pid/rest/local/cdcs/526BWB5BAIPV8FVB</sourceMaterialId></materialInfo><benchmarkId>AMB2022-01</benchmarkId><status>Failed quality check</status><purpose>Spare</purpose><buildPlateId>https://ambench2022.nist.gov/pid/rest/local/cdcs/7O3WK5HX4C3LOSTA</buildPlateId><partLabel>P4</partLabel></AMBuildPart></AMDoc>