<AMDoc><pid>https://ambench2022.nist.gov/pid/rest/local/cdcs/M7FSWR0NCPTQGAVJ</pid><AMBSpecimen><name>AMB2022-625-CBM-B1-TH1-F</name><description>meso-tensile specimen</description><primaryContact><name>Hrabe, Nik</name><email>nik.hrabe@nist.gov</email><orcidID>0000-0001-7585-0980</orcidID></primaryContact><note><title>Measurement_method</title><text>meso-tensile, EBSD, XCT</text></note><identifier><id>AMB2022-625-CBM-B1-TH1-F</id><type>Internal identifier</type></identifier><location>NIST Boulder, 02/2809</location><materialInfo><materialClass>metal; alloy; Ni alloy; Ni-based super alloy; IN625</materialClass><sourceMaterialId>https://ambench2022.nist.gov/pid/rest/local/cdcs/Z9C1W8ZDI2FSVEKB</sourceMaterialId></materialInfo><benchmarkId>AMB2022-04</benchmarkId><status>all measurements complete</status><parent><buildPlateId>https://ambench2022.nist.gov/pid/rest/local/cdcs/JGQNREM427JM6RVI</buildPlateId><buildPartId>https://ambench2022.nist.gov/pid/rest/local/cdcs/4LCAX143ZEML04UH</buildPartId></parent></AMBSpecimen></AMDoc>