<AMDoc><pid>https://ambench2022.nist.gov/pid/rest/local/cdcs/S37P7UQRHQPPPFTW</pid><AMBSpecimen><name>AMB2022-718-AMMT-B6-P4-L2</name><description>0.5 mm leg - heat treated</description><identifier><id>AMB2022-718-AMMT-B6-P4-L2</id><type>Internal identifier</type></identifier><location>NIST Gaithersburg, 223/B160</location><materialInfo><materialClass>metal; alloy; Ni alloy; Ni-based super alloy; IN718</materialClass><sourceMaterialId>https://ambench2022.nist.gov/pid/rest/local/cdcs/526BWB5BAIPV8FVB</sourceMaterialId></materialInfo><benchmarkId>AMB2022-01</benchmarkId><status>as built</status><parent><buildPlateId>https://ambench2022.nist.gov/pid/rest/local/cdcs/GK1GVW851DEFIW2Y</buildPlateId><buildPartId>https://ambench2022.nist.gov/pid/rest/local/cdcs/IHRS9ZJ0QQBDU5W6</buildPartId></parent></AMBSpecimen></AMDoc>