<AMDoc><pid>https://ambench2022.nist.gov/pid/rest/local/cdcs/R08DIO0MJLALXUKY</pid><AMBSpecimen><name>AMB2022-718-AMMT-B7-P1-L7-L8-L9-O1</name><description>Front half of 5 mm, 0.5 mm, 2.5 mm section - as built</description><primaryContact><name>Williams, Maureen</name><email>maureen.williams@nist.gov</email></primaryContact><note><title>Measurement_Requirements</title><text>XZ cross section</text></note><note><title>Measurement_method</title><text>SEM</text></note><identifier><id>AMB2022-718-AMMT-B7-P1-L7-L8-L9-O1</id><type>Internal identifier</type></identifier><location>NIST Gaithersburg, 223/B160</location><materialInfo><materialClass>metal; alloy; Ni alloy; Ni-based super alloy; IN718</materialClass><sourceMaterialId>https://ambench2022.nist.gov/pid/rest/local/cdcs/526BWB5BAIPV8FVB</sourceMaterialId></materialInfo><processingSteps><ProcessingStep><id>1.0</id><description>Part cut into smaller pieces using EDM</description><completeDate>2021-08-20T00:00:00</completeDate><primaryContact><name>Phan, Thien</name><email>phan11@llnl.gov</email><orcidID>0000-0001-9374-1366</orcidID></primaryContact></ProcessingStep><ProcessingStep><id>2.0</id><description>XY plane EDM cross section completed</description><processingIllustration><handle>https://ambench2022.nist.gov/rest/blob/download/61/</handle><checksum>79fab789d960ef03da6b84619a25126c</checksum><description>Flat (inside) view</description></processingIllustration><processingIllustration><handle>https://ambench2022.nist.gov/rest/blob/download/57/</handle><checksum>c52fe7f69b3a0cfe2a70e61a781e9b6a</checksum><description>Outside view</description></processingIllustration><completeDate>2021-08-20T00:00:00</completeDate><primaryContact><name>Phan, Thien</name><email>phan11@llnl.gov</email><orcidID>0000-0001-9374-1366</orcidID></primaryContact></ProcessingStep><ProcessingStep><id>3.0</id><description>Mounted in conductive epoxy</description><completeDate>2021-09-23T00:00:00</completeDate><primaryContact><name>Williams, Maureen</name><email>maureen.williams@nist.gov</email></primaryContact></ProcessingStep></processingSteps><benchmarkId>AMB2022-01</benchmarkId><status>as built</status><purpose>XZ cross section</purpose><parent><buildPlateId>https://ambench2022.nist.gov/pid/rest/local/cdcs/RRWX582XWX7TLZCC</buildPlateId><buildPartId>https://ambench2022.nist.gov/pid/rest/local/cdcs/WSFAEYIP1KCK7TPU</buildPartId></parent></AMBSpecimen></AMDoc>