<AMDoc><pid>https://ambench2022.nist.gov/pid/rest/local/cdcs/EC7FFB16S68N6BAA</pid><AMBSpecimen><name>AMB2022-718-AMMT-B6-P1-L2</name><description>0.5 mm leg - as built</description><primaryContact><name>Hrabe, Nik</name><email>nik.hrabe@nist.gov</email><orcidID>0000-0001-7585-0980</orcidID></primaryContact><identifier><id>AMB2022-718-AMMT-B6-P1-L2</id><type>Internal identifier</type></identifier><location>NIST Boulder</location><materialInfo><materialClass>metal; alloy; Ni alloy; Ni-based super alloy; IN718</materialClass><sourceMaterialId>https://ambench2022.nist.gov/pid/rest/local/cdcs/526BWB5BAIPV8FVB</sourceMaterialId></materialInfo><benchmarkId>AMB2022-01</benchmarkId><status>as built</status><parent><buildPlateId>https://ambench2022.nist.gov/pid/rest/local/cdcs/GK1GVW851DEFIW2Y</buildPlateId><buildPartId>https://ambench2022.nist.gov/pid/rest/local/cdcs/4K4YIN4FEO2UIGMK</buildPartId></parent></AMBSpecimen></AMDoc>