<AMDoc><pid>https://ambench2022.nist.gov/pid/rest/local/cdcs/3J8ZIC6HSMT1JPTA</pid><AMBSpecimen><name>AMB2022-718-AMMT-B6-P3-L10-W2</name><description>2 layer wall - as built</description><primaryContact><name>Zhang, Fan</name><email>fan.zhang@nist.gov</email></primaryContact><note><title>Measurement_Requirements</title><text>whole wall</text></note><note><title>Measurement_method</title><text>High_energy_diffraction</text></note><identifier><id>AMB2022-718-AMMT-B6-P3-L10-W2</id><type>Internal identifier</type></identifier><location>NIST Gaithersburg, 223/B160</location><materialInfo><materialClass>metal; alloy; Ni alloy; Ni-based super alloy; IN718</materialClass><sourceMaterialId>https://ambench2022.nist.gov/pid/rest/local/cdcs/526BWB5BAIPV8FVB</sourceMaterialId></materialInfo><benchmarkId>AMB2022-01</benchmarkId><status>as built</status><purpose>whole wall</purpose><parent><buildPlateId>https://ambench2022.nist.gov/pid/rest/local/cdcs/GK1GVW851DEFIW2Y</buildPlateId><buildPartId>https://ambench2022.nist.gov/pid/rest/local/cdcs/ACWTLPS56INCJ5CD</buildPartId></parent></AMBSpecimen></AMDoc>