<AMDoc><pid>https://ambench2022.nist.gov/pid/rest/local/cdcs/VMO1ZO6HYEE11ZW9</pid><AMBSpecimen><name>AMB2022-718-AMMT-B6-P2-L10-W3</name><description>1 layer wall - heat treated</description><primaryContact><name>Williams, Maureen</name><email>maureen.williams@nist.gov</email></primaryContact><note><title>Measurement_Requirements</title><text>XZ cross section</text></note><note><title>Measurement_method</title><text>SEM</text></note><identifier><id>AMB2022-718-AMMT-B6-P2-L10-W3</id><type>Internal identifier</type></identifier><location>NIST Gaithersburg, 223/B160</location><materialInfo><materialClass>metal; alloy; Ni alloy; Ni-based super alloy; IN718</materialClass><sourceMaterialId>https://ambench2022.nist.gov/pid/rest/local/cdcs/526BWB5BAIPV8FVB</sourceMaterialId></materialInfo><benchmarkId>AMB2022-01</benchmarkId><status>Homogenized</status><purpose>XZ cross section</purpose><parent><buildPlateId>https://ambench2022.nist.gov/pid/rest/local/cdcs/GK1GVW851DEFIW2Y</buildPlateId><buildPartId>https://ambench2022.nist.gov/pid/rest/local/cdcs/DMHR8E6BY4TUKUHD</buildPartId></parent></AMBSpecimen></AMDoc>