<AMDoc><pid>https://ambench2022.nist.gov/pid/rest/local/cdcs/2Y4I6ATATL23KIE6</pid><AMBSpecimen><name>AMB2022-718-AMMT-B6-P3-L12</name><description>2.5 mm leg - as built</description><primaryContact><name>Katz, Michael</name><email>michael.katz@nist.gov</email></primaryContact><note><title>Measurement_Requirements</title><text>TEM samples</text></note><note><title>Measurement_method</title><text>TEM</text></note><identifier><id>AMB2022-718-AMMT-B6-P3-L12</id><type>Internal identifier</type></identifier><location>NIST Gaithersburg, 223/B160</location><materialInfo><materialClass>metal; alloy; Ni alloy; Ni-based super alloy; IN718</materialClass><sourceMaterialId>https://ambench2022.nist.gov/pid/rest/local/cdcs/526BWB5BAIPV8FVB</sourceMaterialId></materialInfo><benchmarkId>AMB2022-01</benchmarkId><status>as built</status><purpose>TEM samples</purpose><parent><buildPlateId>https://ambench2022.nist.gov/pid/rest/local/cdcs/GK1GVW851DEFIW2Y</buildPlateId><buildPartId>https://ambench2022.nist.gov/pid/rest/local/cdcs/ACWTLPS56INCJ5CD</buildPartId></parent></AMBSpecimen></AMDoc>