<AMDoc><pid>https://ambench2022.nist.gov/pid/rest/local/cdcs/PO0XDBC5CH3KGYFI</pid><AMBSpecimen><name>AMB2022-718-SH1-BP5</name><description>(1 x 1 x 0.125) inch bare plate</description><primaryContact><name>Deisenroth, David</name><email>david.deisenroth@nist.gov</email><orcidID>0000-0002-6869-7970</orcidID></primaryContact><note><title>Comments</title><text>2 x 2.5 mm X-axis pads</text></note><note><title>Measurement_Requirements</title><text>320 grit polish; vacuum anneal 800 C, 2 h</text></note><note><title>Measurement_method</title><text>Absorptivity</text></note><identifier><id>AMB2022-718-SH1-BP5</id><type>Internal identifier</type></identifier><location>NIST Gaithersburg, 223/A356</location><materialInfo><materialClass>metal; alloy; Ni alloy; Ni-based super alloy; IN718</materialClass><sourceMaterialId>https://ambench2022.nist.gov/pid/rest/local/cdcs/P7TVXK25GCW4ZWDS</sourceMaterialId></materialInfo><processingSteps><ProcessingStep><id>1.0</id><description>Machined to 1 inch square</description><primaryContact><name>Weaver, Jordan</name><email>jordan.weaver@nist.gov</email><orcidID>0000-0003-4857-5164</orcidID></primaryContact></ProcessingStep><ProcessingStep><id>2.0</id><description>Vacuum annealed 800 C for 2 h</description><completeDate>2021-03-25T00:00:00</completeDate><primaryContact><name>Weaver, Jordan</name><email>jordan.weaver@nist.gov</email><orcidID>0000-0003-4857-5164</orcidID></primaryContact><resultingCondition>stress relieved</resultingCondition></ProcessingStep><ProcessingStep><id>3.0</id><description>Polished with 320 grit</description><completeDate>2021-10-27T00:00:00</completeDate><primaryContact><name>Mekhontsev, Sergey</name><email>sergey.mekhontsev@nist.gov</email><orcidID>0000-0001-7764-630X</orcidID></primaryContact></ProcessingStep><ProcessingStep><id>4.0</id><description>Laser tracks completed</description><processingIllustration><handle>https://ambench2022.nist.gov/rest/blob/download/71/</handle><checksum>20279b637d5bdbc4811675a0b069cf01</checksum></processingIllustration><completeDate>2021-10-07T00:00:00</completeDate><primaryContact><name>Deisenroth, David</name><email>david.deisenroth@nist.gov</email><orcidID>0000-0002-6869-7970</orcidID></primaryContact></ProcessingStep></processingSteps><status>In situ done; ready for confocal microscopy</status><purpose>320 grit polish; vacuum anneal 800 C, 2 h</purpose><parent><materialId>https://ambench2022.nist.gov/pid/rest/local/cdcs/P7TVXK25GCW4ZWDS</materialId></parent></AMBSpecimen></AMDoc>