<AMDoc><pid>https://ambench2022.nist.gov/pid/rest/local/cdcs/ORIIAHUI7CDE8IQQ</pid><AMBuildPart><name>AMB2022-718-AMMT-B4-G1</name><description>Guide wing that provides protection for the bridge structures during the build.  Material can be used for composition measurements.</description><identifier><id>AMB2022-718-AMMT-B4-G1</id><type>Internal identifier</type></identifier><location>nan</location><materialInfo><materialClass>metal; alloy; Ni alloy; Ni-based super alloy; IN718</materialClass><sourceMaterialId>https://ambench2022.nist.gov/pid/rest/local/cdcs/526BWB5BAIPV8FVB</sourceMaterialId></materialInfo><benchmarkId>AMB2022-01</benchmarkId><status>Failed quality check</status><purpose>Test material</purpose><buildPlateId>https://ambench2022.nist.gov/pid/rest/local/cdcs/7O3WK5HX4C3LOSTA</buildPlateId><partLabel>G1</partLabel></AMBuildPart></AMDoc>