<AMDoc><pid>https://ambench2022.nist.gov/pid/rest/local/cdcs/4LVVBS5TDNTRZD2W</pid><AMBSpecimen><name>AMB2022-458-AMMT-B6-P2-L10-W4</name><description>2 layer wall - homogenized</description><primaryContact><name>Zhang, Fan</name><email>fan.zhang@nist.gov</email></primaryContact><note><title>Measurement_Requirements</title><text>Thinned evenly both sides to 70 microns thick</text></note><note><title>Measurement_method</title><text>USAXS/SAXS/WAXS</text></note><identifier><id>AMB2022-458-AMMT-B6-P2-L10-W4</id><type>Internal identifier</type></identifier><location>NIST Gaithersburg, 223/B160</location><materialInfo><materialClass>metal; alloy; Ni alloy; Ni-based super alloy; IN458</materialClass><sourceMaterialId>https://ambench2022.nist.gov/pid/rest/local/cdcs/526BWB5BAIPV8FVB</sourceMaterialId></materialInfo><processingSteps><ProcessingStep><id>1.0</id><description>Part cut into smaller pieces using EDM</description><processingIllustration><handle>https://ambench2022.nist.gov/rest/blob/download/44/</handle><checksum>337945b4f1dc1fb600c7fe03fb67f936</checksum><description>Initial cuts into 4 pieces</description></processingIllustration><processingIllustration><handle>https://ambench2022.nist.gov/rest/blob/download/45/</handle><checksum>59060b86d1d162a0650051c7fbda022e</checksum><description>Hollow leg cut to remove powder and provide pumping air path</description></processingIllustration><processingIllustration><handle>https://ambench2022.nist.gov/rest/blob/download/46/</handle><checksum>2e0434883853fa27a5ebcdcfddae5bb7</checksum><description>Photo of cut pieces</description></processingIllustration><completeDate>2021-07-27T00:00:00</completeDate><primaryContact><name>Phan, Thien</name><email>phan11@llnl.gov</email><orcidID>0000-0001-9374-1366</orcidID></primaryContact></ProcessingStep><ProcessingStep><id>2.0</id><description>Vacuum encapsulated, Homogenization at 1175 C, 1 h, WQ</description><completeDate>2021-09-01T00:00:00</completeDate><primaryContact><name>Moon, Kil-Won</name><email>kil-won.moon@nist.gov</email></primaryContact></ProcessingStep><ProcessingStep><id>3.0</id><description>EDM cuts to expose 1-layer and 2-layer walls</description><completeDate>2021-09-08T00:00:00</completeDate><primaryContact><name>Phan, Thien</name><email>phan11@llnl.gov</email><orcidID>0000-0001-9374-1366</orcidID></primaryContact></ProcessingStep><ProcessingStep><id>4.0</id><description>All four walls extracted</description><completeDate>2021-09-16T00:00:00</completeDate><primaryContact><name>Phan, Thien</name><email>phan11@llnl.gov</email><orcidID>0000-0001-9374-1366</orcidID></primaryContact></ProcessingStep><ProcessingStep><id>5.0</id><description>Specimen thinned to 70 microns (layer interface at middle)</description><primaryContact><name>Young, Sandra</name><email>sandra.young@nist.gov</email></primaryContact></ProcessingStep><ProcessingStep><id>6.0</id><description>In situ usaxs/saxs/waxs, 720 C, 16 h, Ar</description><completeDate>2021-09-28T00:00:00</completeDate><primaryContact><name>Zhang, Fan</name><email>fan.zhang@nist.gov</email></primaryContact></ProcessingStep></processingSteps><benchmarkId>AMB2022-01</benchmarkId><status>Homog. 1175 C, 1h; thinned to 70 microns; in situ U/S/W 720 C, 16 h</status><purpose>Thinned evenly both sides to 70 microns thick</purpose><parent><buildPlateId>https://ambench2022.nist.gov/pid/rest/local/cdcs/GK1GVW851DEFIW2Y</buildPlateId><buildPartId>https://ambench2022.nist.gov/pid/rest/local/cdcs/DMHR8E6BY4TUKUHD</buildPartId></parent></AMBSpecimen></AMDoc>