<AMDoc><pid>https://ambench2022.nist.gov/pid/rest/local/cdcs/E21SE1QTBDZOZG1B</pid><AMBSpecimen><name>AMB2022-718-AMMT-B8-P3-L10-W1</name><description>1 layer wall - as built</description><identifier><id>AMB2022-718-AMMT-B8-P3-L10-W1</id><type>Internal identifier</type></identifier><location>NIST Gaithersburg, 223/A119</location><materialInfo><materialClass>metal; alloy; Ni alloy; Ni-based super alloy; IN718</materialClass><sourceMaterialId>https://ambench2022.nist.gov/pid/rest/local/cdcs/526BWB5BAIPV8FVB</sourceMaterialId></materialInfo><benchmarkId>AMB2022-01</benchmarkId><status>as built</status><parent><buildPlateId>https://ambench2022.nist.gov/pid/rest/local/cdcs/L3K0CEHHHWE2SDKL</buildPlateId><buildPartId>https://ambench2022.nist.gov/pid/rest/local/cdcs/3TTUOI3IJJMT0HBB</buildPartId></parent></AMBSpecimen></AMDoc>