<AMDoc><pid>https://ambench2022.nist.gov/pid/rest/local/cdcs/9R95DBQAKEOTPG3W</pid><AMBuildPart><name>AMB2022-718-AMMT-B1-P1</name><description>Bridge structure designed to be suitable for a variety of characterization measurements.  In situ thermography was used during the build process.</description><identifier><id>AMB2022-718-AMMT-B1-P1</id><type>Internal identifier</type></identifier><creationDate>2021-05-27T00:00:00</creationDate><location>AMRC</location><materialInfo><materialClass>metal; alloy; Ni alloy; Ni-based super alloy; IN718</materialClass><sourceMaterialId>https://ambench2022.nist.gov/pid/rest/local/cdcs/526BWB5BAIPV8FVB</sourceMaterialId></materialInfo><benchmarkId>AMB2022-01</benchmarkId><status>Failed/ useful for practice</status><purpose>Test/practice samples</purpose><buildPlateId>https://ambench2022.nist.gov/pid/rest/local/cdcs/N5C1HKQ9BZO3ZS66</buildPlateId><partLabel>P1</partLabel></AMBuildPart></AMDoc>