<AMDoc><pid>https://ambench2022.nist.gov/pid/rest/local/cdcs/EJHNWPVUMHI7OV6H</pid><AMComposition><name>AMB2022-Composition-718-AMMT-B8-G1</name><description>Composition measurement for as-built material from build plate AMB2022-718-AMMT-B8-G1</description><documentation>https://doi.org/10.18434/mds2-2607</documentation><primaryContact><name>Stoudt, Mark</name><email>mark.stoudt@nist.gov</email></primaryContact><contributor><person><name>Stoudt, Mark</name><email>mark.stoudt@nist.gov</email></person></contributor><contributor><person><name>Levine, Lyle</name><email>lyle.levine@nist.gov</email><orcidID>0000-0003-3448-4229</orcidID></person></contributor><contributor><person><name>Kim, Jai Won</name><email>jkim485@jhu.edu</email><orcidID>0000-0002-7006-4603</orcidID></person></contributor><identifier><id>AMB2022-Composition-718-AMMT-B8-G1</id><type>Internal identifier</type></identifier><relatedStandard><title>MAS-CS, Rev.7, Carbon and Sulfur Analysis; MAS-ICP, Rev. 25, Analysis of Metals and Their Alloys by ICP; MAS-NOH, Rev.2, Nitrogen, Oxygen &amp; Hydrogen Analysis</title></relatedStandard><startDate>2021-07-07T00:00:00</startDate><completeDate>2021-07-08T00:00:00</completeDate><benchmarkId>AMB2022-01</benchmarkId><challengeId>CHAL-AMB2022-01-TAM</challengeId><challengeId>CHAL-AMB2022-01-SCR</challengeId><challengeId>CHAL-AMB2022-01-RS</challengeId><challengeId>CHAL-AMB2022-01-PD</challengeId><challengeId>CHAL-AMB2022-01-MS</challengeId><challengeId>CHAL-AMB2022-01-PE</challengeId><facility>Laboratory Testing Inc.</facility><relatedMeasurement><type>Composition</type><measurementIdentifier><id>Composition-718-K201801</id><type>Internal identifier</type></measurementIdentifier><measurementPID>https://ambench2022.nist.gov/pid/rest/local/cdcs/6Y1VILNQ3I7NUKDS</measurementPID></relatedMeasurement><isCalibrationMeasurement>N</isCalibrationMeasurement><measurementInfo><measurementType>Composition</measurementType><typeDescription>determination of what elements are present in the sample and in what quantity</typeDescription><measuredQuantity>elemental composition</measuredQuantity><modelingApproach>phase field, thermo-kinetic, CALPHAD, ICME</modelingApproach><buildProcessInSitu>N</buildProcessInSitu><postBuildProcessInSitu>N</postBuildProcessInSitu></measurementInfo><measurementMethod><instrumentConfiguration/></measurementMethod><specimen><specimenID>AMB2022-718-AMMT-B8</specimenID><specimenPID>https://ambench2022.nist.gov/pid/rest/local/cdcs/L3K0CEHHHWE2SDKL</specimenPID><type>AMBuildPlate</type><materialInfo><materialClass>metal; alloy; Ni alloy; Ni-based super alloy; IN718</materialClass><sourceMaterialId>https://ambench2022.nist.gov/pid/rest/local/cdcs/526BWB5BAIPV8FVB</sourceMaterialId></materialInfo><geometry/></specimen><results><testReport><identifier>NIS001-21-06-19625-1</identifier><type>file</type><accessURL>https://github.com/usnistgov/AMB2022-template/blob/55335509ff78680aa1d3ead651bf0d93ae343a3c/Build_Part_Characteristics/AMB2022-01_B6-B8_composition.pdf</accessURL></testReport><composition><Constituents><constituent><element>B</element><quantity>0.001</quantity><unit>mass fraction</unit><isUpperBound>false</isUpperBound></constituent><constituent><element>C</element><quantity>0.04</quantity><unit>mass fraction</unit><isUpperBound>false</isUpperBound></constituent><constituent><element>N</element><quantity>0.009</quantity><unit>mass fraction</unit><isUpperBound>false</isUpperBound></constituent><constituent><element>O</element><quantity>0.023</quantity><unit>mass fraction</unit><isUpperBound>false</isUpperBound></constituent><constituent><element>Al</element><quantity>0.49</quantity><unit>mass fraction</unit><isUpperBound>false</isUpperBound></constituent><constituent><element>Si</element><quantity>0.01</quantity><unit>mass fraction</unit><isUpperBound>false</isUpperBound></constituent><constituent><element>P</element><quantity>0.001</quantity><unit>mass fraction</unit><isUpperBound>true</isUpperBound></constituent><constituent><element>S</element><quantity>0.002</quantity><unit>mass fraction</unit><isUpperBound>false</isUpperBound></constituent><constituent><element>Ti</element><quantity>1.03</quantity><unit>mass fraction</unit><isUpperBound>false</isUpperBound></constituent><constituent><element>Cr</element><quantity>18.8</quantity><unit>mass fraction</unit><isUpperBound>false</isUpperBound></constituent><constituent><element>Mn</element><quantity>0.02</quantity><unit>mass fraction</unit><isUpperBound>false</isUpperBound></constituent><constituent><element>Fe</element><quantity>17.86</quantity><unit>mass fraction</unit><isUpperBound>false</isUpperBound></constituent><constituent><element>Co</element><quantity>0.01</quantity><unit>mass fraction</unit><isUpperBound>false</isUpperBound></constituent><constituent><element>Ni</element><quantity>53.5</quantity><unit>mass fraction</unit><isUpperBound>false</isUpperBound></constituent><constituent><element>Cu</element><quantity>0.01</quantity><unit>mass fraction</unit><isUpperBound>false</isUpperBound></constituent><constituent><element>Nb</element><quantity>5.36</quantity><unit>mass fraction</unit><isUpperBound>false</isUpperBound></constituent><constituent><element>Mo</element><quantity>2.82</quantity><unit>mass fraction</unit><isUpperBound>false</isUpperBound></constituent></Constituents></composition></results></AMComposition></AMDoc>