<AMDoc><pid>https://ambench2022.nist.gov/pid/rest/local/cdcs/DOYWMPQITW3NEO1G</pid><AMBSpecimen><name>AMB2022-718-AMMT-B8-P1-L9-O1</name><description>Section of 2.5 mm leg - as built</description><primaryContact><name>Schwalbach, Edwin</name><email>edwin.schwalbach@us.af.mil</email><orcidID>0000-0003-0966-245X</orcidID></primaryContact><note><title>Comments</title><text>Within thermography ROI</text></note><note><title>Measurement_method</title><text>XRCT + serial sectioning</text></note><identifier><id>AMB2022-718-AMMT-B8-P1-L9-O1</id><type>Internal identifier</type></identifier><location>AFRL</location><materialInfo><materialClass>metal; alloy; Ni alloy; Ni-based super alloy; IN718</materialClass><sourceMaterialId>https://ambench2022.nist.gov/pid/rest/local/cdcs/526BWB5BAIPV8FVB</sourceMaterialId></materialInfo><processingSteps><ProcessingStep><id>1.0</id><description>Serial section/XRCT specimen excised using EDM</description><processingIllustration><handle>https://ambench2022.nist.gov/rest/blob/download/53/</handle><checksum>a03892fe799526b234e45e12050d4f87</checksum></processingIllustration><completeDate>2022-02-14T00:00:00</completeDate><primaryContact><name>Schwalbach, Edwin</name><email>edwin.schwalbach@us.af.mil</email><orcidID>0000-0003-0966-245X</orcidID></primaryContact></ProcessingStep></processingSteps><benchmarkId>AMB2022-01</benchmarkId><status>as built</status><parent><buildPlateId>https://ambench2022.nist.gov/pid/rest/local/cdcs/L3K0CEHHHWE2SDKL</buildPlateId><buildPartId>https://ambench2022.nist.gov/pid/rest/local/cdcs/4OWMWZ1Z01GJAWS5</buildPartId></parent></AMBSpecimen></AMDoc>