<AMDoc><pid>https://ambench2022.nist.gov/pid/rest/local/cdcs/YF1HZ4YE5VY7ELTE</pid><AMBuildPart><name>AMB2022-625-CBM-B1-T7</name><description>Macro-tensile specimen were built slightly oversized to accommodate machining to ASTM E8/E8M-compliant final shape and surface finish</description><primaryContact><name>Habib, Saadi</name><email>saadi.habib@nist.gov</email><orcidID>0000-0001-9777-8852</orcidID></primaryContact><note><title>Comments</title><text>Machined to ASTM dimensions</text></note><identifier><id>AMB2022-625-CBM-B1-T7</id><type>Internal identifier</type></identifier><creationDate>2020-12-08T00:00:00</creationDate><location>NIST Gaithersburg, Saadi's office 223/A123</location><materialInfo><materialClass>metal; alloy; Ni alloy; Ni-based super alloy; IN625</materialClass><sourceMaterialId>https://ambench2022.nist.gov/pid/rest/local/cdcs/Z9C1W8ZDI2FSVEKB</sourceMaterialId></materialInfo><benchmarkId>AMB2022-04</benchmarkId><purpose>Macro-tensile specimen</purpose><designDiagram><handle>https://ambench2022.nist.gov/rest/blob/download/66/</handle><checksum>9357eb10bd5ebe336c6f9d15c8d319d7</checksum></designDiagram><buildPlateId>https://ambench2022.nist.gov/pid/rest/local/cdcs/JGQNREM427JM6RVI</buildPlateId><partLabel>T7.AMB.625</partLabel></AMBuildPart></AMDoc>