<AMDoc><pid>https://ambench2022.nist.gov/pid/rest/local/cdcs/2XZG8JNTJH43HZPQ</pid><AMBSpecimen><name>AMB2022-718-AMMT-B8-P4-L9</name><description>2.5 mm leg - as bult</description><note><title>Measurement_method</title><text>HEXD</text></note><identifier><id>AMB2022-718-AMMT-B8-P4-L9</id><type>Internal identifier</type></identifier><location>NIST Gaithersburg, 223/A119</location><materialInfo><materialClass>metal; alloy; Ni alloy; Ni-based super alloy; IN718</materialClass><sourceMaterialId>https://ambench2022.nist.gov/pid/rest/local/cdcs/526BWB5BAIPV8FVB</sourceMaterialId></materialInfo><processingSteps><ProcessingStep><id>1.0</id><description>EDM cut to (3.5 x 3.5 x 1.0) mm</description><completeDate>2022-02-10T00:00:00</completeDate><primaryContact><name>Levine, Lyle</name><email>lyle.levine@nist.gov</email><orcidID>0000-0003-3448-4229</orcidID></primaryContact></ProcessingStep></processingSteps><benchmarkId>AMB2022-01</benchmarkId><status>as built</status><parent><buildPlateId>https://ambench2022.nist.gov/pid/rest/local/cdcs/L3K0CEHHHWE2SDKL</buildPlateId><buildPartId>https://ambench2022.nist.gov/pid/rest/local/cdcs/3TTUOI3IJJMT0HBB</buildPartId></parent></AMBSpecimen></AMDoc>