<AMDoc><pid>https://ambench2022.nist.gov/pid/rest/local/cdcs/J5M0NNGJY4PKXKZD</pid><AMBuildPart><name>AMB2022-718-AMMT-B3-P3</name><description>Bridge structure designed to be suitable for a variety of characterization measurements.</description><identifier><id>AMB2022-718-AMMT-B3-P3</id><type>Internal identifier</type></identifier><location>nan</location><materialInfo><materialClass>metal; alloy; Ni alloy; Ni-based super alloy; IN718</materialClass><sourceMaterialId>https://ambench2022.nist.gov/pid/rest/local/cdcs/526BWB5BAIPV8FVB</sourceMaterialId></materialInfo><benchmarkId>AMB2022-01</benchmarkId><status>Failed quality check</status><purpose>Residual strain: synchrotron + contour method</purpose><buildPlateId>https://ambench2022.nist.gov/pid/rest/local/cdcs/J3Q32LE63WH09S57</buildPlateId><partLabel>P3</partLabel></AMBuildPart></AMDoc>