<AMDoc><pid>https://ambench2022.nist.gov/pid/rest/local/cdcs/TFV1IB90L387192H</pid><AMComposition><name>AMB2022-Composition-625-CBM-B2</name><description>Composition measurement for as-built material from build plate AMB2022-625-CBM-B2</description><documentation>https://github.com/usnistgov/AMB2022-template/blob/b6e35adc00f0af22a62164fcbf500fbaf65ade1e/Build_Powder_Characteristics/M341901%20chemistry%20macro%20build.PDF</documentation><primaryContact><name>Weaver, Jordan</name><email>jordan.weaver@nist.gov</email><orcidID>0000-0003-4857-5164</orcidID></primaryContact><contributor><person><name>Weaver, Jordan</name><email>jordan.weaver@nist.gov</email><orcidID>0000-0003-4857-5164</orcidID></person></contributor><contributor><person><name>Levine, Lyle</name><email>lyle.levine@nist.gov</email><orcidID>0000-0003-3448-4229</orcidID></person></contributor><contributor><person><name>Kim, Jai Won</name><email>jkim485@jhu.edu</email><orcidID>0000-0002-7006-4603</orcidID></person></contributor><identifier><id>AMB2022-Composition-625-CBM-B2</id><type>Internal identifier</type></identifier><relatedStandard><title>86-SCA-0, Rev.22, Direct Reading Atom Emissions Spectroscopy; MAS-NOH, Rev.2, Nitrogen, Oxygen &amp; Hydrogen Analysis</title></relatedStandard><startDate>2021-08-20T00:00:00</startDate><completeDate>2021-08-20T00:00:00</completeDate><benchmarkId>AMB2022-04</benchmarkId><challengeId>CHAL-AMB2022-04-MaTTO</challengeId><facility>Laboratory Testing Inc.</facility><relatedMeasurement><type>Composition</type><measurementIdentifier><id>Composition-625-M341901</id><type>Internal identifier</type></measurementIdentifier><measurementPID>https://ambench2022.nist.gov/pid/rest/local/cdcs/LJTEV30CQAB1SPWO</measurementPID></relatedMeasurement><isCalibrationMeasurement>N</isCalibrationMeasurement><measurementInfo><measurementType>Composition</measurementType><typeDescription>determination of what elements are present in the sample and in what quantity</typeDescription><measuredQuantity>elemental composition</measuredQuantity><modelingApproach>phase field, thermo-kinetic, CALPHAD, ICME</modelingApproach><buildProcessInSitu>N</buildProcessInSitu><postBuildProcessInSitu>N</postBuildProcessInSitu></measurementInfo><measurementMethod><instrumentConfiguration/></measurementMethod><specimen><specimenID>AMB2022-625-CBM-B2</specimenID><specimenPID>https://ambench2022.nist.gov/pid/rest/local/cdcs/D9UBTK5111PJAW1K</specimenPID><type>AMBuildPlate</type><materialInfo><materialClass>metal; alloy; Ni alloy; Ni-based super alloy; IN625</materialClass><sourceMaterialId>https://ambench2022.nist.gov/pid/rest/local/cdcs/T5E99OQBKI2VNFUC</sourceMaterialId></materialInfo><geometry/></specimen><results><testReport><identifier>NIS001-21-08-24463-1</identifier><type>file</type><accessURL>https://github.com/usnistgov/AMB2022-template/blob/b6e35adc00f0af22a62164fcbf500fbaf65ade1e/Build_Powder_Characteristics/M341901%20chemistry%20macro%20build.PDF</accessURL></testReport><composition><Constituents><constituent><element>Al</element><quantity>0.32</quantity><unit>mass fraction</unit><isUpperBound>false</isUpperBound></constituent><constituent><element>C</element><quantity>0.01</quantity><unit>mass fraction</unit><isUpperBound>false</isUpperBound></constituent><constituent><element>Nb</element><quantity>3.8</quantity><unit>mass fraction</unit><isUpperBound>false</isUpperBound></constituent><constituent><element>Cr</element><quantity>20.0</quantity><unit>mass fraction</unit><isUpperBound>false</isUpperBound></constituent><constituent><element>Fe</element><quantity>0.8</quantity><unit>mass fraction</unit><isUpperBound>false</isUpperBound></constituent><constituent><element>Mn</element><quantity>0.05</quantity><unit>mass fraction</unit><isUpperBound>false</isUpperBound></constituent><constituent><element>Mo</element><quantity>8.8</quantity><unit>mass fraction</unit><isUpperBound>false</isUpperBound></constituent><constituent><element>N</element><quantity>0.0001</quantity><unit>mass fraction</unit><isUpperBound>false</isUpperBound></constituent><constituent><element>Ni</element><quantity>65.56</quantity><unit>mass fraction</unit><isUpperBound>false</isUpperBound></constituent><constituent><element>P</element><quantity>0.006</quantity><unit>mass fraction</unit><isUpperBound>false</isUpperBound></constituent><constituent><element>S</element><quantity>0.001</quantity><unit>mass fraction</unit><isUpperBound>true</isUpperBound></constituent><constituent><element>Si</element><quantity>0.1</quantity><unit>mass fraction</unit><isUpperBound>false</isUpperBound></constituent><constituent><element>Ti</element><quantity>0.37</quantity><unit>mass fraction</unit><isUpperBound>false</isUpperBound></constituent></Constituents></composition></results></AMComposition></AMDoc>