<AMDoc><pid>https://ambench2022.nist.gov/pid/rest/local/cdcs/8X639B7FBL6605B5</pid><AMBSpecimen><name>AMB2022-718-AMMT-B7-P1-L10-W3</name><description>1 layer wall - as built</description><primaryContact><name>Williams, Maureen</name><email>maureen.williams@nist.gov</email></primaryContact><note><title>Comments</title><text>Within thermography ROI</text></note><note><title>Measurement_Requirements</title><text>XZ cross section</text></note><note><title>Measurement_method</title><text>SEM</text></note><identifier><id>AMB2022-718-AMMT-B7-P1-L10-W3</id><type>Internal identifier</type></identifier><location>NIST Gaithersburg, 223/B160</location><materialInfo><materialClass>metal; alloy; Ni alloy; Ni-based super alloy; IN718</materialClass><sourceMaterialId>https://ambench2022.nist.gov/pid/rest/local/cdcs/526BWB5BAIPV8FVB</sourceMaterialId></materialInfo><benchmarkId>AMB2022-01</benchmarkId><status>as built</status><purpose>XZ cross section</purpose><parent><buildPlateId>https://ambench2022.nist.gov/pid/rest/local/cdcs/RRWX582XWX7TLZCC</buildPlateId><buildPartId>https://ambench2022.nist.gov/pid/rest/local/cdcs/WSFAEYIP1KCK7TPU</buildPartId></parent></AMBSpecimen></AMDoc>