<AMDoc><pid>https://ambench2022.nist.gov/pid/rest/local/cdcs/GRAYCK4MC8H9E2M8</pid><AMBuildPart><name>AMB2022-718-AMMT-B9-G1</name><description>Guide wing that provides protection for the bridge structures during the build.  Material can be used for composition measurements.</description><primaryContact><name>Levine, Lyle</name><email>lyle.levine@nist.gov</email><orcidID>0000-0003-3448-4229</orcidID></primaryContact><identifier><id>AMB2022-718-AMMT-B9-G1</id><type>Internal identifier</type></identifier><location>nan</location><materialInfo><materialClass>metal; alloy; Ni alloy; Ni-based super alloy; IN718</materialClass><sourceMaterialId>https://ambench2022.nist.gov/pid/rest/local/cdcs/526BWB5BAIPV8FVB</sourceMaterialId></materialInfo><benchmarkId>AMB2025</benchmarkId><purpose>Test material</purpose><designDiagram><handle>https://ambench2022.nist.gov/rest/blob/download/68/</handle><checksum>b7f093363d4fa0efa7d12e4580825b92</checksum></designDiagram><buildPlateId>https://ambench2022.nist.gov/pid/rest/local/cdcs/CEQBRYJNHYYU54W9</buildPlateId><partLabel>G1</partLabel></AMBuildPart></AMDoc>