<AMDoc><pid>https://ambench2022.nist.gov/pid/rest/local/cdcs/FGJZ5MMZ7NIEH1YJ</pid><AMBSpecimen><name>AMB2022-718-AMMT-B8-P3-L10-W2</name><description>2 layer wall - as built</description><primaryContact><name>Zhang, Fan</name><email>fan.zhang@nist.gov</email></primaryContact><note><title>Comments</title><text>Post AM Bench studies</text></note><note><title>Measurement_Requirements</title><text>full wall, primary roughness polished off, 0.2 mm</text></note><note><title>Measurement_method</title><text>USAXS/SAXS/WAXS</text></note><identifier><id>AMB2022-718-AMMT-B8-P3-L10-W2</id><type>Internal identifier</type></identifier><location>NIST Gaithersburg, 223/A119</location><materialInfo><materialClass>metal; alloy; Ni alloy; Ni-based super alloy; IN718</materialClass><sourceMaterialId>https://ambench2022.nist.gov/pid/rest/local/cdcs/526BWB5BAIPV8FVB</sourceMaterialId></materialInfo><benchmarkId>AMB2022-01</benchmarkId><status>as built</status><purpose>full wall, primary roughness polished off, 0.2 mm</purpose><parent><buildPlateId>https://ambench2022.nist.gov/pid/rest/local/cdcs/L3K0CEHHHWE2SDKL</buildPlateId><buildPartId>https://ambench2022.nist.gov/pid/rest/local/cdcs/3TTUOI3IJJMT0HBB</buildPartId></parent></AMBSpecimen></AMDoc>