<AMDoc><pid>https://ambench2022.nist.gov/pid/rest/local/cdcs/GK1GVW851DEFIW2Y</pid><AMBuildPlate><name>AMB2022-718-AMMT-B6</name><description>3D build of IN718 parts with in situ measurements conducted using the NIST AMMT.</description><primaryContact><name>Levine, Lyle</name><email>lyle.levine@nist.gov</email><orcidID>0000-0003-3448-4229</orcidID></primaryContact><note><title>Status</title><text>Built correctly with good in situ thermography and thermocouples - Passed in situ monitoring quality check - Cut into separate parts</text></note><note><title>Acceptance</title><text>Passed</text></note><note><title>Measurements</title><text>Thermography, thermocouples</text></note><identifier><id>AMB2022-718-AMMT-B6</id><type>Internal identifier</type></identifier><creationDate>2021-05-06T00:00:00</creationDate><location>Separated into pieces</location><materialInfo><materialClass>metal; alloy; Ni alloy; Ni-based super alloy; IN718</materialClass><sourceMaterialId>https://ambench2022.nist.gov/pid/rest/local/cdcs/526BWB5BAIPV8FVB</sourceMaterialId></materialInfo><benchmarkId>AMB2022-01</benchmarkId><status>Built correctly with good in situ thermography and thermocouples - Passed in situ monitoring quality check - Cut into separate parts</status><purpose>Other</purpose><designDiagram><handle>https://ambench2022.nist.gov/rest/blob/download/73/</handle><checksum>b983bcdfaa5f46ef86de3edb07a8d1f3</checksum></designDiagram><partDefinition><name>P1</name><partType>PART</partType></partDefinition><partDefinition><name>P2</name><partType>PART</partType></partDefinition><partDefinition><name>P3</name><partType>PART</partType></partDefinition><partDefinition><name>P4</name><partType>PART</partType></partDefinition><partDefinition><name>G1</name><partType>GUIDEWING</partType></partDefinition><partDefinition><name>G2</name><partType>GUIDEWING</partType></partDefinition></AMBuildPlate></AMDoc>