<AMDoc><pid>https://ambench2022.nist.gov/pid/rest/local/cdcs/8UBBVZYAL1KYHV7W</pid><AMBuildPart><name>AMB2022-718-AMMT-B2-P1</name><description>Bridge structure designed to be suitable for a variety of characterization measurements.  In situ thermography was used during the build process.</description><identifier><id>AMB2022-718-AMMT-B2-P1</id><type>Internal identifier</type></identifier><location>nan</location><materialInfo><materialClass>metal; alloy; Ni alloy; Ni-based super alloy; IN718</materialClass><sourceMaterialId>https://ambench2022.nist.gov/pid/rest/local/cdcs/526BWB5BAIPV8FVB</sourceMaterialId></materialInfo><benchmarkId>AMB2022-01</benchmarkId><status>Failed quality check</status><purpose>Microstructure</purpose><buildPlateId>https://ambench2022.nist.gov/pid/rest/local/cdcs/T8FETDWTHOBMD3LM</buildPlateId><partLabel>P1</partLabel></AMBuildPart></AMDoc>