<AMDoc><pid>https://ambench2022.nist.gov/pid/rest/local/cdcs/SH0B3Z3C0INAS6DR</pid><AMBSpecimen><name>AMB2022-718-AMMT-B6-P2-L12</name><description>2.5 mm leg - heat treated</description><primaryContact><name>Zhang, Fan</name><email>fan.zhang@nist.gov</email></primaryContact><note><title>Measurement_Requirements</title><text>3.5 mm x 3.5 mm x 1.0 mm</text></note><note><title>Measurement_method</title><text>High_energy_diffraction</text></note><identifier><id>AMB2022-718-AMMT-B6-P2-L12</id><type>Internal identifier</type></identifier><location>NIST Gaithersburg, 223/B160</location><materialInfo><materialClass>metal; alloy; Ni alloy; Ni-based super alloy; IN718</materialClass><sourceMaterialId>https://ambench2022.nist.gov/pid/rest/local/cdcs/526BWB5BAIPV8FVB</sourceMaterialId></materialInfo><benchmarkId>AMB2022-01</benchmarkId><status>Homogenized, cut to size</status><purpose>3.5 mm x 3.5 mm x 1.0 mm</purpose><parent><buildPlateId>https://ambench2022.nist.gov/pid/rest/local/cdcs/GK1GVW851DEFIW2Y</buildPlateId><buildPartId>https://ambench2022.nist.gov/pid/rest/local/cdcs/DMHR8E6BY4TUKUHD</buildPartId></parent></AMBSpecimen></AMDoc>