<AMDoc><pid>https://ambench2022.nist.gov/pid/rest/local/cdcs/4K4YIN4FEO2UIGMK</pid><AMBuildPart><name>AMB2022-718-AMMT-B6-P1</name><description>Bridge structure designed to be suitable for a variety of characterization measurements.  In situ thermography was used during the build process.</description><primaryContact><name>Hrabe, Nik</name><email>nik.hrabe@nist.gov</email><orcidID>0000-0001-7585-0980</orcidID></primaryContact><identifier><id>AMB2022-718-AMMT-B6-P1</id><type>Internal identifier</type></identifier><creationDate>2021-05-26T00:00:00</creationDate><location>NIST Gaithersburg, Carrie's office 223/B160</location><materialInfo><materialClass>metal; alloy; Ni alloy; Ni-based super alloy; IN718</materialClass><sourceMaterialId>https://ambench2022.nist.gov/pid/rest/local/cdcs/526BWB5BAIPV8FVB</sourceMaterialId></materialInfo><benchmarkId>AMB2022-01</benchmarkId><purpose>XRCT + Serial sectioning</purpose><designDiagram><handle>https://ambench2022.nist.gov/rest/blob/download/35/</handle><checksum>083fb541f824d303faf13884bb5ca389</checksum></designDiagram><buildPlateId>https://ambench2022.nist.gov/pid/rest/local/cdcs/GK1GVW851DEFIW2Y</buildPlateId><partLabel>P1</partLabel></AMBuildPart></AMDoc>