<AMDoc><pid>https://ambench2022.nist.gov/pid/rest/local/cdcs/41FK39HUDQTYMMWS</pid><AMComposition><name>Composition-718-SH1</name><description>Composition measurement for solid IN718 alloy material from AMB2022-718-SH1</description><documentation>https://github.com/usnistgov/AMB2022-template/blob/main/03/AMB2022-718-SH1-MatSpecSheet.pdf</documentation><primaryContact><name>Weaver, Jordan</name><email>jordan.weaver@nist.gov</email><orcidID>0000-0003-4857-5164</orcidID></primaryContact><contributor><person><name>Weaver, Jordan</name><email>jordan.weaver@nist.gov</email><orcidID>0000-0003-4857-5164</orcidID></person></contributor><contributor><person><name>Levine, Lyle</name><email>lyle.levine@nist.gov</email><orcidID>0000-0003-3448-4229</orcidID></person></contributor><contributor><person><name>Kim, Jai Won</name><email>jkim485@jhu.edu</email><orcidID>0000-0002-7006-4603</orcidID></person></contributor><note><title>Disclaimer</title><text>This elemental composition measurement was not conducted by the AM Bench 2022 measurement teams.  It was conducted by an accredited materials testing laboratory.</text></note><identifier><id>Composition-718-SH1</id><type>Internal identifier</type></identifier><relatedStandard><title>C, S by combustion/infrared; N, O, H by inert fusion/thermal conductivity; Mn, P, Si, Cr, Ni, Mo, Cu, Nb, Co, V by WDXRF; B by OES; Al and Ti (&gt;= 0.10 %) by WDXRF, otherwise by OES; Pb, Bi, Ag by GFAA</title></relatedStandard><challengeId>CHAL-AMB2022-03-TSCR</challengeId><challengeId>CHAL-AMB2022-03-TLCR</challengeId><challengeId>CHAL-AMB2022-03-TAM</challengeId><challengeId>CHAL-AMB2022-03-TMPG</challengeId><challengeId>CHAL-AMB2022-03-PSCR</challengeId><challengeId>CHAL-AMB2022-03-PTAM</challengeId><challengeId>CHAL-AMB2022-03-PMPG</challengeId><facility>ATI Flat Rolled Products</facility><isCalibrationMeasurement>N</isCalibrationMeasurement><measurementInfo><measurementType>Composition</measurementType><typeDescription>determination of what elements are present in the sample and in what quantity</typeDescription><measuredQuantity>elemental composition</measuredQuantity><modelingApproach>phase field, thermo-kinetic, CALPHAD, ICME</modelingApproach><buildProcessInSitu>N</buildProcessInSitu><postBuildProcessInSitu>N</postBuildProcessInSitu></measurementInfo><measurementMethod><instrumentConfiguration/></measurementMethod><specimen><specimenID>718-SH1</specimenID><specimenPID>https://ambench2022.nist.gov/pid/rest/local/cdcs/P7TVXK25GCW4ZWDS</specimenPID><type>Material</type><materialInfo><materialClass>metal; alloy; Ni alloy; Ni-based super alloy; IN718</materialClass></materialInfo><geometry/></specimen><results><testReport><type>file</type><accessURL>https://github.com/usnistgov/AMB2022-template/blob/main/03/AMB2022-718-SH1-MatSpecSheet.pdf</accessURL></testReport><composition><Constituents><constituent><element>C</element><quantity>0.05</quantity><unit>mass fraction</unit><isUpperBound>false</isUpperBound></constituent><constituent><element>Mn</element><quantity>0.14</quantity><unit>mass fraction</unit><isUpperBound>false</isUpperBound></constituent><constituent><element>P</element><quantity>0.01</quantity><unit>mass fraction</unit><isUpperBound>false</isUpperBound></constituent><constituent><element>S</element><quantity>0.0002</quantity><unit>mass fraction</unit><isUpperBound>false</isUpperBound></constituent><constituent><element>Si</element><quantity>0.08</quantity><unit>mass fraction</unit><isUpperBound>false</isUpperBound></constituent><constituent><element>Cr</element><quantity>18.27</quantity><unit>mass fraction</unit><isUpperBound>false</isUpperBound></constituent><constituent><element>Ni</element><quantity>51.54</quantity><unit>mass fraction</unit><isUpperBound>false</isUpperBound></constituent><constituent><element>Al</element><quantity>0.57</quantity><unit>mass fraction</unit><isUpperBound>false</isUpperBound></constituent><constituent><element>Mo</element><quantity>2.9</quantity><unit>mass fraction</unit><isUpperBound>false</isUpperBound></constituent><constituent><element>Cu</element><quantity>0.04</quantity><unit>mass fraction</unit><isUpperBound>false</isUpperBound></constituent><constituent><element>Nb</element><quantity>5.15</quantity><unit>mass fraction</unit><isUpperBound>false</isUpperBound></constituent><constituent><element>Ta</element><quantity>0.01</quantity><unit>mass fraction</unit><isUpperBound>false</isUpperBound></constituent><constituent><element>Ti</element><quantity>1.04</quantity><unit>mass fraction</unit><isUpperBound>false</isUpperBound></constituent><constituent><element>Co</element><quantity>0.79</quantity><unit>mass fraction</unit><isUpperBound>false</isUpperBound></constituent><constituent><element>B</element><quantity>0.002</quantity><unit>mass fraction</unit><isUpperBound>false</isUpperBound></constituent><constituent><element>Fe</element><quantity>19.18</quantity><unit>mass fraction</unit><isUpperBound>false</isUpperBound></constituent></Constituents></composition></results></AMComposition></AMDoc>