<AMDoc><pid>https://ambench2022.nist.gov/pid/rest/local/cdcs/285119Q3MO5NM1X7</pid><AMComposition><name>Composition-AA5182-D1</name><description>Composition measurement for solid Al alloy 5182 material from AAMB2022-AA5182-D1</description><documentation>https://www-s.nist.gov/srmors/certificates/1241c.pdf</documentation><primaryContact><name>Simonds, Brian</name><email>brian.simonds@nist.gov</email><orcidID>0000-0002-9758-0704</orcidID></primaryContact><contributor><person><name>Simonds, Brian</name><email>brian.simonds@nist.gov</email><orcidID>0000-0002-9758-0704</orcidID></person></contributor><contributor><person><name>Levine, Lyle</name><email>lyle.levine@nist.gov</email><orcidID>0000-0003-3448-4229</orcidID></person></contributor><contributor><person><name>Kim, Jai Won</name><email>jkim485@jhu.edu</email><orcidID>0000-0002-7006-4603</orcidID></person></contributor><note><title>Disclaimer</title><text>This elemental composition measurement was not conducted by the AM Bench 2022 measurement teams.  It was conducted by an accredited materials testing laboratory.</text></note><identifier><id>Composition-AA5182-D1</id><type>Internal identifier</type></identifier><relatedStandard><accessURL>https://www-s.nist.gov/srmors/certificates/1241c.pdf</accessURL></relatedStandard><challengeId>CHAL-A-AMB2022-01-Spot-TDA</challengeId><challengeId>CHAL-A-AMB2022-01-Spot-AA</challengeId><challengeId>CHAL-A-AMB2022-01-Spot-TDW</challengeId><challengeId>CHAL-A-AMB2022-01-Spot-ASR</challengeId><challengeId>CHAL-A-AMB2022-01-Scan-TDA</challengeId><challengeId>CHAL-A-AMB2022-01-Scan-AA</challengeId><challengeId>CHAL-A-AMB2022-01-Scan-MWD</challengeId><challengeId>CHAL-A-AMB2022-01-Scan-ASR</challengeId><facility>NIST</facility><isCalibrationMeasurement>N</isCalibrationMeasurement><measurementInfo><measurementType>Composition</measurementType><typeDescription>determination of what elements are present in the sample and in what quantity</typeDescription><measuredQuantity>elemental composition</measuredQuantity><modelingApproach>phase field, thermo-kinetic, CALPHAD, ICME</modelingApproach><buildProcessInSitu>N</buildProcessInSitu><postBuildProcessInSitu>N</postBuildProcessInSitu></measurementInfo><measurementMethod><instrumentConfiguration/></measurementMethod><specimen><specimenID>AA5182-D1</specimenID><specimenPID>https://ambench2022.nist.gov/pid/rest/local/cdcs/ULQF8WE9O3Q7DJKP</specimenPID><type>Material</type><materialInfo><materialClass>metal; alloy; Al alloy; AA5182</materialClass></materialInfo><geometry/></specimen><results><testReport><identifier>SRM 1241c</identifier><type>file</type><accessURL>https://www-s.nist.gov/srmors/certificates/1241c.pdf</accessURL></testReport><composition><Constituents><constituent><element>Mg</element><quantity>4.498</quantity><unit>mass fraction</unit><isUpperBound>false</isUpperBound></constituent><constituent><element>Si</element><quantity>0.1544</quantity><unit>mass fraction</unit><isUpperBound>false</isUpperBound></constituent><constituent><element>Ti</element><quantity>0.0317</quantity><unit>mass fraction</unit><isUpperBound>false</isUpperBound></constituent><constituent><element>Cr</element><quantity>0.0343</quantity><unit>mass fraction</unit><isUpperBound>false</isUpperBound></constituent><constituent><element>Mn</element><quantity>0.3792</quantity><unit>mass fraction</unit><isUpperBound>false</isUpperBound></constituent><constituent><element>Fe</element><quantity>0.1997</quantity><unit>mass fraction</unit><isUpperBound>false</isUpperBound></constituent><constituent><element>Ni</element><quantity>0.0198</quantity><unit>mass fraction</unit><isUpperBound>false</isUpperBound></constituent><constituent><element>Cu</element><quantity>0.0497</quantity><unit>mass fraction</unit><isUpperBound>false</isUpperBound></constituent><constituent><element>Zn</element><quantity>0.0506</quantity><unit>mass fraction</unit><isUpperBound>false</isUpperBound></constituent><constituent><element>Ga</element><quantity>0.0184</quantity><unit>mass fraction</unit><isUpperBound>false</isUpperBound></constituent><constituent><element>Sr</element><quantity>0.0002</quantity><unit>mass fraction</unit><isUpperBound>false</isUpperBound></constituent><constituent><element>Zr</element><quantity>0.002</quantity><unit>mass fraction</unit><isUpperBound>false</isUpperBound></constituent><constituent><element>Cd</element><quantity>0.00062</quantity><unit>mass fraction</unit><isUpperBound>false</isUpperBound></constituent><constituent><element>Sn</element><quantity>0.0002</quantity><unit>mass fraction</unit><isUpperBound>false</isUpperBound></constituent><constituent><element>Pb</element><quantity>0.00052</quantity><unit>mass fraction</unit><isUpperBound>false</isUpperBound></constituent></Constituents></composition></results></AMComposition></AMDoc>