<AMDoc><pid>https://ambench2022.nist.gov/pid/rest/local/cdcs/6Y1VILNQ3I7NUKDS</pid><AMComposition><name>Composition-718-K201801</name><description>Composition measurement for powder from lot number K201801</description><documentation>https://data.nist.gov/od/ds/ark:/88434/mds2-2607/Materials/AMB2022-01_PowderMillSpecSheet.pdf</documentation><primaryContact><name>Levine, Lyle</name><email>lyle.levine@nist.gov</email><orcidID>0000-0003-3448-4229</orcidID></primaryContact><contributor><person><name>Levine, Lyle</name><email>lyle.levine@nist.gov</email><orcidID>0000-0003-3448-4229</orcidID></person></contributor><contributor><person><name>Kim, Jai Won</name><email>jkim485@jhu.edu</email><orcidID>0000-0002-7006-4603</orcidID></person></contributor><note><title>Disclaimer</title><text>This elemental composition measurement was not conducted by the AM Bench 2022 measurement teams.  It was conducted by an accredited materials testing laboratory.</text></note><identifier><id>Composition-718-K201801</id><type>Internal identifier</type></identifier><relatedStandard><title>Elemental analysis according to ASTM E1479 (ICP), except for C/S acc. to ASTM E1019 (combustion), O/N/H acc. to ASTM E1019 (fusion) and Bi/Pb/Se/Ag acc. to ASTM E1184 (AA/Graphite)</title></relatedStandard><challengeId>CHAL-AMB2022-01-TAM</challengeId><challengeId>CHAL-AMB2022-01-SCR</challengeId><challengeId>CHAL-AMB2022-01-RS</challengeId><challengeId>CHAL-AMB2022-01-PD</challengeId><challengeId>CHAL-AMB2022-01-MS</challengeId><challengeId>CHAL-AMB2022-01-PE</challengeId><challengeId>CHAL-AMB2022-02-TAM</challengeId><challengeId>CHAL-AMB2022-02-SCR</challengeId><challengeId>CHAL-AMB2022-02-PD</challengeId><facility>Electro Optical Systems Finland</facility><isCalibrationMeasurement>N</isCalibrationMeasurement><measurementInfo><measurementType>Composition</measurementType><typeDescription>determination of what elements are present in the sample and in what quantity</typeDescription><measuredQuantity>elemental composition</measuredQuantity><modelingApproach>phase field, thermo-kinetic, CALPHAD, ICME</modelingApproach><buildProcessInSitu>N</buildProcessInSitu><postBuildProcessInSitu>N</postBuildProcessInSitu></measurementInfo><measurementMethod><instrumentConfiguration/></measurementMethod><specimen><specimenID>K201801</specimenID><specimenPID>https://ambench2022.nist.gov/pid/rest/local/cdcs/526BWB5BAIPV8FVB</specimenPID><type>AMPowder</type><materialInfo><materialClass>metal; alloy; Ni alloy; Ni-based super alloy; IN718</materialClass></materialInfo><geometry/></specimen><results><testReport><type>file</type><accessURL>https://data.nist.gov/od/ds/ark:/88434/mds2-2607/Materials/AMB2022-01_PowderMillSpecSheet.pdf</accessURL></testReport><composition><Constituents><constituent><element>C</element><quantity>0.05</quantity><unit>mass fraction</unit><isUpperBound>false</isUpperBound></constituent><constituent><element>N</element><quantity>0.011</quantity><unit>mass fraction</unit><isUpperBound>false</isUpperBound></constituent><constituent><element>O</element><quantity>0.014</quantity><unit>mass fraction</unit><isUpperBound>false</isUpperBound></constituent><constituent><element>Al</element><quantity>0.48</quantity><unit>mass fraction</unit><isUpperBound>false</isUpperBound></constituent><constituent><element>Si</element><quantity>0.03</quantity><unit>mass fraction</unit><isUpperBound>false</isUpperBound></constituent><constituent><element>Ti</element><quantity>1.0</quantity><unit>mass fraction</unit><isUpperBound>false</isUpperBound></constituent><constituent><element>Cr</element><quantity>18.4</quantity><unit>mass fraction</unit><isUpperBound>false</isUpperBound></constituent><constituent><element>Fe</element><quantity>18.11</quantity><unit>mass fraction</unit><isUpperBound>false</isUpperBound></constituent><constituent><element>Co</element><quantity>0.02</quantity><unit>mass fraction</unit><isUpperBound>false</isUpperBound></constituent><constituent><element>Ni</element><quantity>53.48</quantity><unit>mass fraction</unit><isUpperBound>false</isUpperBound></constituent><constituent><element>Cu</element><quantity>0.01</quantity><unit>mass fraction</unit><isUpperBound>false</isUpperBound></constituent><constituent><element>Nb</element><quantity>5.48</quantity><unit>mass fraction</unit><isUpperBound>false</isUpperBound></constituent><constituent><element>Mo</element><quantity>3.01</quantity><unit>mass fraction</unit><isUpperBound>false</isUpperBound></constituent></Constituents></composition></results></AMComposition></AMDoc>