<AMDoc><pid>https://ambench2022.nist.gov/pid/rest/local/cdcs/LJTEV30CQAB1SPWO</pid><AMComposition><name>Composition-625-M341901</name><description>Composition measurement for powder from lot number M341901</description><documentation>https://github.com/usnistgov/AMB2022-template/blob/b6e35adc00f0af22a62164fcbf500fbaf65ade1e/Build_Powder_Characteristics/M341901%20chemistry%20macro%20build.PDF</documentation><primaryContact><name>Weaver, Jordan</name><email>jordan.weaver@nist.gov</email><orcidID>0000-0003-4857-5164</orcidID></primaryContact><contributor><person><name>Weaver, Jordan</name><email>jordan.weaver@nist.gov</email><orcidID>0000-0003-4857-5164</orcidID></person></contributor><contributor><person><name>Levine, Lyle</name><email>lyle.levine@nist.gov</email><orcidID>0000-0003-3448-4229</orcidID></person></contributor><contributor><person><name>Kim, Jai Won</name><email>jkim485@jhu.edu</email><orcidID>0000-0002-7006-4603</orcidID></person></contributor><note><title>Disclaimer</title><text>This elemental composition measurement was not conducted by the AM Bench 2022 measurement teams.  It was conducted by an accredited materials testing laboratory.</text></note><identifier><id>Composition-625-M341901</id><type>Internal identifier</type></identifier><relatedStandard><title>MAS-CS, Rev.7, Carbon and Sulfur Analysis, MAS-ICP, Rev. 25, Analysis of Metals and Their Alloys by ICP; MAS-NOH, Rev.2, Nitrogen, Oxygen &amp; Hydrogen Analysis</title></relatedStandard><startDate>2021-08-19T00:00:00</startDate><completeDate>2021-08-19T00:00:00</completeDate><challengeId>CHAL-AMB2022-04-MaTTO</challengeId><facility>Laboratory Testing Inc.</facility><isCalibrationMeasurement>N</isCalibrationMeasurement><measurementInfo><measurementType>Composition</measurementType><typeDescription>determination of what elements are present in the sample and in what quantity</typeDescription><measuredQuantity>elemental composition</measuredQuantity><modelingApproach>phase field, thermo-kinetic, CALPHAD, ICME</modelingApproach><buildProcessInSitu>N</buildProcessInSitu><postBuildProcessInSitu>N</postBuildProcessInSitu></measurementInfo><measurementMethod><instrumentConfiguration/></measurementMethod><specimen><specimenID>M341901</specimenID><specimenPID>https://ambench2022.nist.gov/pid/rest/local/cdcs/T5E99OQBKI2VNFUC</specimenPID><type>AMPowder</type><materialInfo><materialClass>metal; alloy; Ni alloy; Ni-based super alloy; IN625</materialClass></materialInfo><geometry/></specimen><results><testReport><identifier>NIS001-21-08-24463-1</identifier><type>file</type><accessURL>https://github.com/usnistgov/AMB2022-template/blob/b6e35adc00f0af22a62164fcbf500fbaf65ade1e/Build_Powder_Characteristics/M341901%20chemistry%20macro%20build.PDF</accessURL></testReport><composition><Constituents><constituent><element>Al</element><quantity>0.28</quantity><unit>mass fraction</unit><isUpperBound>false</isUpperBound></constituent><constituent><element>C</element><quantity>0.01</quantity><unit>mass fraction</unit><isUpperBound>false</isUpperBound></constituent><constituent><element>Nb</element><quantity>3.77</quantity><unit>mass fraction</unit><isUpperBound>false</isUpperBound></constituent><constituent><element>Cr</element><quantity>20.8</quantity><unit>mass fraction</unit><isUpperBound>false</isUpperBound></constituent><constituent><element>Fe</element><quantity>0.7</quantity><unit>mass fraction</unit><isUpperBound>false</isUpperBound></constituent><constituent><element>Mn</element><quantity>0.05</quantity><unit>mass fraction</unit><isUpperBound>false</isUpperBound></constituent><constituent><element>Mo</element><quantity>8.6</quantity><unit>mass fraction</unit><isUpperBound>false</isUpperBound></constituent><constituent><element>N</element><quantity>0.019</quantity><unit>mass fraction</unit><isUpperBound>false</isUpperBound></constituent><constituent><element>Ni</element><quantity>65.08</quantity><unit>mass fraction</unit><isUpperBound>false</isUpperBound></constituent><constituent><element>O</element><quantity>0.022</quantity><unit>mass fraction</unit><isUpperBound>false</isUpperBound></constituent><constituent><element>P</element><quantity>0.001</quantity><unit>mass fraction</unit><isUpperBound>false</isUpperBound></constituent><constituent><element>S</element><quantity>0.002</quantity><unit>mass fraction</unit><isUpperBound>false</isUpperBound></constituent><constituent><element>Si</element><quantity>0.11</quantity><unit>mass fraction</unit><isUpperBound>false</isUpperBound></constituent><constituent><element>Ti</element><quantity>0.34</quantity><unit>mass fraction</unit><isUpperBound>false</isUpperBound></constituent></Constituents></composition></results></AMComposition></AMDoc>