<AMDoc><pid>https://ambench2022.nist.gov/pid/rest/local/cdcs/526BWB5BAIPV8FVB</pid><AMPowder><name>K201801</name><identifier><id>K201801</id><type>Internal identifier</type></identifier><materialInfo><materialClass>metal; alloy; Ni alloy; Ni-based super alloy; IN718</materialClass></materialInfo><supplier>Electro Optical Systems Finland</supplier><lotNumber>K201801</lotNumber><usageType>Virgin</usageType><atomizationType>Nitrogen</atomizationType><providedCharacterization><accessURL>https://data.nist.gov/od/ds/ark:/88434/mds2-2607/Materials/AMB2022-01_PowderMillSpecSheet.pdf</accessURL></providedCharacterization></AMPowder></AMDoc>