<AMDoc><pid>https://ambench2022.nist.gov/pid/rest/local/cdcs/W75ZX5D8FA1UN70X</pid><AMLaserAbsorptivity><name>A-AMB2022_Absorptivity_Al2g_065</name><description>Integrating sphere radiometry measurements of stationary laser irradiation of a solid Al AA5182 alloy.</description><documentation>https://data.nist.gov/od/ds/mds2-2525/2525_README_v110.txt</documentation><primaryContact><name>Simonds, Brian</name><email>brian.simonds@nist.gov</email><orcidID>0000-0002-9758-0704</orcidID></primaryContact><contributor><person><name>Tanner, Jack</name><email>jtsnowy777@gmail.com</email><orcidID>0000-0001-9468-8966</orcidID></person></contributor><contributor><person><name>Williams, Paul A.</name><email>paul.williams@nist.gov</email><orcidID>0000-0001-8419-7434</orcidID></person></contributor><contributor><person><name>Artusio-Glimpse, Alexadra</name><email>alexandra.artusio-glimpse@nist.gov</email><orcidID>0000-0002-8289-2393</orcidID></person></contributor><contributor><person><name>Parab, Niranjan</name><email>niranjanparab@gmail.com</email><orcidID>0000-0002-3215-1466</orcidID></person></contributor><contributor><person><name>Zhao, Cang</name><email>cangzhao@tsinghua.edu.cn</email><orcidID>0000-0002-2464-2409</orcidID></person></contributor><contributor><person><name>Sun, Tao</name><email>ts7qw@virginia.edu</email><orcidID>0000-0002-4881-9774</orcidID></person></contributor><contributor><person><name>Kim, Jai Won</name><email>jkim485@jhu.edu</email><orcidID>0000-0002-7006-4603</orcidID></person></contributor><contributor><person><name>Levine, Lyle</name><email>lyle.levine@nist.gov</email><orcidID>0000-0003-3448-4229</orcidID></person></contributor><identifier><id>A-AMB2022_Absorptivity_Al2g_065</id><type>Internal identifier</type></identifier><journalPublication><DOI>10.1016/j.apmt.2021.101049</DOI><type>file</type><accessURL>https://doi.org/10.1016/j.apmt.2021.101049</accessURL></journalPublication><journalPublication><DOI>10.1016/j.addlet.2021.100002</DOI><type>file</type><accessURL>https://doi.org/10.1016/j.addlet.2021.100002</accessURL></journalPublication><journalPublication><DOI>10.1016/j.procir.2020.09.135</DOI><type>file</type><accessURL>https://doi.org/10.1016/j.procir.2020.09.135</accessURL></journalPublication><referencePublication><DOI>10.1103/PhysRevApplied.10.044061</DOI><type>file</type><accessURL>https://doi.org/10.1103/PhysRevApplied.10.044061</accessURL></referencePublication><startDate>2019-06-13T00:00:00</startDate><completeDate>2019-06-13T00:00:00</completeDate><benchmarkId>A-AMB2022-01</benchmarkId><challengeId>CHAL-A-AMB2022-01-Spot-TDA</challengeId><challengeId>CHAL-A-AMB2022-01-Spot-AA</challengeId><facility>Advanced Photon Source</facility><relatedMeasurement><type>Radiography</type><measurementIdentifier><id>A-AMB2022_Radiography_Al2g_065</id><type>Internal identifier</type></measurementIdentifier><measurementPID>https://ambench2022.nist.gov/pid/rest/local/cdcs/1XDD92OY83X7IMOJ</measurementPID></relatedMeasurement><isCalibrationMeasurement>N</isCalibrationMeasurement><measurementInfo><measurementType>Laser_Absorptivity</measurementType><typeDescription>in situ characterization of the laser absorptivity</typeDescription><measuredQuantity>laser absorptivity; laser coupling, melt pool</measuredQuantity><modelingApproach>computational fluid dynamics, CFD, finite element modeling, FEM, finite element approach, FEA, thermal model</modelingApproach><buildProcessInSitu>Y</buildProcessInSitu><postBuildProcessInSitu>N</postBuildProcessInSitu></measurementInfo><measurementMethod><instrumentConfiguration><mainInstrument><name>Integrating sphere</name><description>https://www.sciencedirect.com/science/article/pii/S2352940721001141?via%3Dihub</description><note><title>Instrument_notes</title><text>Incorporated with AM Simulator</text></note><physicalLocation>Advanced Photon Source</physicalLocation><instrumentMetadata><field><name>Beamline</name><value>32-ID-B</value></field></instrumentMetadata></mainInstrument></instrumentConfiguration><experimentConfiguration><component><field><name>Time_resolution</name><quantity><value>40.0</value><unit>ns</unit></quantity></field><associatedInstrument><instrumentName>Integrating sphere</instrumentName></associatedInstrument></component><component><name>AM Simulator parameters</name><field><name>Shield_gas</name><value>argon</value></field><field><name>Laser_wavelength</name><quantity><value>1.07</value><unit>μm</unit></quantity></field><field><name>Laser_power</name><quantity><value>501.0</value><unit>W</unit></quantity></field><field><name>Laser_spot_diameter</name><quantity><value>122.5</value><unit>μm</unit></quantity></field><field><name>Laser_spot_diameter_definition</name><value>1/e^2</value></field><field><name>Beam_profile</name><digitalArtifact><type>file</type><accessURL>https://data.nist.gov/od/ds/mds2-2525/Sample%20Diagram_V110.pdf</accessURL></digitalArtifact></field><field><name>Laser_scan_speed</name><quantity><value>0.0</value><unit>mm/s</unit></quantity></field><field><name>Incidence_angle</name><quantity><value>7.0</value><unit>degree</unit></quantity></field></component></experimentConfiguration></measurementMethod><specimen><specimenID>AAMB2022-AA5182-D1-O1</specimenID><specimenPID>https://ambench2022.nist.gov/pid/rest/local/cdcs/8TEPCWHESGSBCP87</specimenPID><type>AMBSpecimen</type><materialInfo><materialClass>metal; alloy; Al alloy; AA5182</materialClass><sourceMaterialId>https://ambench2022.nist.gov/pid/rest/local/cdcs/ULQF8WE9O3Q7DJKP</sourceMaterialId></materialInfo><geometry><document><type>file</type><accessURL>https://data.nist.gov/od/id/mds2-2525</accessURL></document><imageRef><handle>https://ambench2022.nist.gov/rest/blob/download/65/</handle><checksum>a9866ef488c8c8f052c60e752089cdac</checksum><description>The incoming laser beam is aligned to gravity and the 7 degree sample tilt is with respect to the surface normal to the incoming beam.</description></imageRef></geometry><specimenMetadata><field><name>Specimen_thickness_along_beam</name><quantity><value>1000.0</value><unit>μm</unit></quantity></field></specimenMetadata></specimen><results><dataSet><type>Raw Data</type><dataObject><field><name>Data_file_descriptions</name><digitalArtifact><type>file</type><accessURL>https://data.nist.gov/od/id/mds2-2525</accessURL></digitalArtifact></field></dataObject><dataObject><field><name>Absorption_data</name><digitalArtifact><type>file</type><accessURL>https://data.nist.gov/od/ds/mds2-2525/Scan%20on%20Bare%20Metal_Calibrated%20Absorption%20Data.csv</accessURL></digitalArtifact></field></dataObject><dataObject><field><name>Absorption_uncertainties_description</name><digitalArtifact><type>file</type><accessURL>https://data.nist.gov/od/ds/mds2-2525/Absorption_Uncertainty_Analysis.pdf</accessURL></digitalArtifact></field></dataObject></dataSet><dataSet><type>Processed Data</type><dataObject><field><name>Processed_data_file_descriptions</name><digitalArtifact><type>file</type><accessURL>https://data.nist.gov/od/id/mds2-2525</accessURL></digitalArtifact></field></dataObject><dataObject><field><name>Processed_uncertainties_description</name><digitalArtifact><type>file</type><accessURL/></digitalArtifact></field></dataObject><dataObject><field><name>Combined_data</name><digitalArtifact><type>file</type><accessURL>https://data.nist.gov/od/ds/mds2-2525/Spot%20on%20Alum_Xray%20with%20Absorption.avi</accessURL></digitalArtifact></field></dataObject></dataSet></results></AMLaserAbsorptivity></AMDoc>