<AMDoc><pid>https://ambench2022.nist.gov/pid/rest/local/cdcs/JYEB4AF3KG1S72TE</pid><AMBSpecimen><name>AAMB2022-TI64-D1-O2</name><description>26 mm x 3 mm x 0.3 mm</description><primaryContact><name>Simonds, Brian</name><email>brian.simonds@nist.gov</email><orcidID>0000-0002-9758-0704</orcidID></primaryContact><note><title>Comments</title><text>Scanned laser spot</text></note><note><title>Measurement_Requirements</title><text>Polished</text></note><note><title>Measurement_method</title><text>Absorptivity; Radiography</text></note><identifier><id>AAMB2022-TI64-D1-O2</id><type>Internal identifier</type></identifier><location>NIST Boulder, 01/3310</location><materialInfo><materialClass>metal; alloy; Ti alloy; Ti-6Al-4V</materialClass><sourceMaterialId>https://ambench2022.nist.gov/pid/rest/local/cdcs/PBBOBFU60S4ZJO5D</sourceMaterialId></materialInfo><status>All measurements complete</status><purpose>Polished</purpose><parent><materialId>https://ambench2022.nist.gov/pid/rest/local/cdcs/PBBOBFU60S4ZJO5D</materialId></parent></AMBSpecimen></AMDoc>