<AMDoc><pid>https://ambench2022.nist.gov/pid/rest/local/cdcs/TXGC9FL1RBBOXEUR</pid><AMBSpecimen><name>AMB2022-718-AMMT-B6-P4-L6</name><description>2.5 mm leg - heat treated</description><primaryContact><name>Williams, Maureen</name><email>maureen.williams@nist.gov</email><orcidID>0000-0001-9144-0551</orcidID></primaryContact><note><title>Measurement_Requirements</title><text>XY cross section</text></note><note><title>Measurement_method</title><text>SEM</text></note><identifier><id>AMB2022-718-AMMT-B6-P4-L6</id><type>Internal identifier</type></identifier><location>NIST Gaithersburg, 223/B160</location><materialInfo><materialClass>metal; alloy; Ni alloy; Ni-based super alloy; IN718</materialClass><sourceMaterialId>https://ambench2022.nist.gov/pid/rest/local/cdcs/526BWB5BAIPV8FVB</sourceMaterialId></materialInfo><benchmarkId>AMB2022-01</benchmarkId><status>as built</status><purpose>XY cross section</purpose><parent><buildPlateId>https://ambench2022.nist.gov/pid/rest/local/cdcs/GK1GVW851DEFIW2Y</buildPlateId><buildPartId>https://ambench2022.nist.gov/pid/rest/local/cdcs/IHRS9ZJ0QQBDU5W6</buildPartId></parent></AMBSpecimen></AMDoc>