<AMDoc><pid>https://ambench2022.nist.gov/pid/rest/local/cdcs/NDV1AH9PCWNZR1GE</pid><AMScanningElectronMicroscopy><name>AMB2022_SEM_718-SH1-BP1-P1_Trace_L2.2_1_025-step_EDS-map_Cr-Kα1</name><description>EDS map for the designated element acquired from cross section of single laser track.</description><primaryContact><name>Levine, Lyle</name><email>lyle.levine@nist.gov</email><orcidID>0000-0003-3448-4229</orcidID></primaryContact><contributor><person><name>Williams, Maureen</name><email>maureen.williams@nist.gov</email><orcidID>0000-0001-9144-0551</orcidID></person></contributor><contributor><person><name>Levine, Lyle</name><email>lyle.levine@nist.gov</email><orcidID>0000-0003-3448-4229</orcidID></person></contributor><contributor><person><name>Stoudt, Mark</name><email>mark.stoudt@nist.gov</email><orcidID>0000-0001-8316-6193</orcidID></person></contributor><contributor><person><name>Young, Sandra</name><email>sandra.young@nist.gov</email><orcidID>0009-0008-5502-8963</orcidID></person></contributor><contributor><person><name>Moon, Kil-Won</name><email>kil-won.moon@nist.gov</email><orcidID>0000-0002-5271-3809</orcidID></person></contributor><identifier><id>AMB2022_SEM_718-SH1-BP1-P1_Trace_L2.2_1_025-step_EDS-map_Cr-Kα1</id><type>Internal identifier</type></identifier><referencePublication><type>file</type><accessURL>https://link.springer.com/article/10.1007/s40192-024-00361-7</accessURL></referencePublication><benchmarkId>AMB2022-03</benchmarkId><facility>NIST Gaithersburg, Materials Measurement Laboratory</facility><relatedMeasurement><type>ScanningElectronMicroscopy</type><measurementIdentifier><id>AMB2022_SEM_single_track_L2.2_1</id><type>Internal identifier</type></measurementIdentifier><description>SEM_EBSD</description></relatedMeasurement><isCalibrationMeasurement>N</isCalibrationMeasurement><measurementInfo><measurementType>Scanning_Electron_Microscopy</measurementType><typeDescription>Scanning electron microscopy (SEM) - microstructure characterization using a variety of possible SEM-associated methods</typeDescription><measuredQuantity>microstructure; Grain structure; elemental mapping; elemental segregation; subgrain microstructure; precipitates</measuredQuantity><modelingApproach>phase field, PF, cellular automata, CA, kinetic monte carlo, KMC, crystal plasticity</modelingApproach><keyword>EBSD, EDS, imaging, solidification structure, dendritic structure, cellular structure</keyword><buildProcessInSitu>N</buildProcessInSitu><postBuildProcessInSitu>N</postBuildProcessInSitu></measurementInfo><measurementMethod><instrumentConfiguration><ancillaryInstrument><name>SEM with EBSD and EDS detectors and software</name><description>SEM with EBSD and EDS detectors and software</description><model>JEOL Field Emission JSM7100 with an Oxford Symmetry S2 EBSD detector with fore-scatter diodes and the Oxford Ultim Max EDS 100 mm2 silicon drift detector. Oxford AZtec software Ver 6.0</model><physicalLocation>NIST Gaithersburg, 223/B133</physicalLocation><instrumentMetadata><field><name>Data_collection_software</name><value>Oxford AZtec software</value></field><field><name>Data_collection_software_version</name><value>6.0</value></field></instrumentMetadata><detector><name>Energy dispersive spectroscopy (EDS)</name><description>an Oxford Ultim Max EDS 100 mm2 silicon drift detector</description><model>Oxford Ultim Max EDS 100 mm2 silicon drift detector</model></detector></ancillaryInstrument></instrumentConfiguration><experimentConfiguration><component><field><name>Data_collection_mode</name><value>Energy dispersive spectroscopy (EDS) map</value></field><field><name>Montage_Y_or_N</name><value>N</value></field><field><name>Field_of_view_width</name><quantity><value>1203.0</value><unit>pixels</unit></quantity></field><field><name>Field_of_view_height</name><quantity><value>903.0</value><unit>pixels</unit></quantity></field><field><name>Accelerating_voltage</name><quantity><value>20.0</value><unit>kV</unit></quantity></field><field><name>Probe_current</name><quantity><value>10.0</value><unit>nA</unit></quantity></field><field><name>Working_distance</name><quantity><value>20.0</value><unit>mm</unit></quantity></field><field><name>Tilt</name><quantity><value>70.0</value><unit>degrees</unit></quantity></field><field><name>Exposure_time</name><quantity><value>6.0</value><unit>ms</unit></quantity></field><field><name>Step_size</name><quantity><value>0.25</value><unit>μm</unit></quantity></field><associatedInstrument><instrumentName>SEM with EBSD and EDS detectors and software</instrumentName><detector>Energy dispersive spectroscopy (EDS)</detector></associatedInstrument></component></experimentConfiguration></measurementMethod><specimen><specimenID>AMB2022-718-SH1-BP1</specimenID><specimenPID>https://ambench2022.nist.gov/pid/rest/local/cdcs/MRX3GWUS8IFQJZ8F</specimenPID><type>AMBSpecimen</type><condition>cross-sectioned</condition><materialInfo><materialClass>metal; alloy; Ni alloy; Ni-based super alloy; IN718</materialClass><sourceMaterialId>https://ambench2022.nist.gov/pid/rest/local/cdcs/P7TVXK25GCW4ZWDS</sourceMaterialId></materialInfo><geometry><imageRef><handle>https://ambench2022.nist.gov/rest/blob/download/64/</handle><checksum>929ca0bb30d8ca256b549692a410cc0c</checksum><description>Naming convention for single laser tracks</description></imageRef><imageRef><handle>https://ambench2022.nist.gov/rest/blob/download/63/</handle><checksum>14b8e627c0240789f9dc00f8c16c5420</checksum><description>Diagram showing cross section locations with part naming convention</description></imageRef></geometry></specimen><results><dataSet><type>Raw Data</type><dataObject><field><name>Data_file_descriptions</name><digitalArtifact><DOI>10.18434/mds2-2775</DOI><type>file</type><accessURL>https://doi.org/10.18434/mds2-2775</accessURL></digitalArtifact></field></dataObject></dataSet><dataSet><type>Processed Data</type><dataObject><field><name>Processed_data_file_descriptions</name><digitalArtifact><DOI>10.18434/mds2-2775</DOI><type>file</type><accessURL>https://doi.org/10.18434/mds2-2775</accessURL></digitalArtifact></field></dataObject><dataObject><name>Analysis</name><field><name>Analysis_software</name><value>Oxford AZtec software</value></field><field><name>Analysis_software_version</name><value>6.0</value></field></dataObject><dataObject><field><name>Data_product</name><value>Energy dispersive spectroscopy (EDS) map</value></field></dataObject></dataSet></results></AMScanningElectronMicroscopy></AMDoc>