<AMDoc><pid>https://ambench2022.nist.gov/pid/rest/local/cdcs/JGQNREM427JM6RVI</pid><AMBuildPlate><name>AMB2022-625-CBM-B1</name><description>3D build of IN625 parts conducted using an EOS 270.</description><primaryContact><name>Weaver, Jordan</name><email>jordan.weaver@nist.gov</email><orcidID>0000-0003-4857-5164</orcidID></primaryContact><note><title>Status</title><text>Built correctly - parts cut from build plate</text></note><note><title>Acceptance</title><text>Passed</text></note><note><title>Measurements</title><text>None</text></note><identifier><id>AMB2022-625-CBM-B1</id><type>Internal identifier</type></identifier><creationDate>2018-01-30T00:00:00</creationDate><location>Separated into pieces</location><materialInfo><materialClass>metal; alloy; Ni alloy; Ni-based super alloy; IN625</materialClass><sourceMaterialId>https://ambench2022.nist.gov/pid/rest/local/cdcs/Z9C1W8ZDI2FSVEKB</sourceMaterialId></materialInfo><benchmarkId>AMB2022-04</benchmarkId><status>Built correctly - parts cut from build plate</status><purpose>Other</purpose><designDiagram><handle>https://ambench2022.nist.gov/rest/blob/download/85/</handle><checksum>9357eb10bd5ebe336c6f9d15c8d319d7</checksum></designDiagram><partDefinition><name>T1.AMB.625</name><partType>OTHER</partType></partDefinition><partDefinition><name>T2.AMB.625</name><partType>OTHER</partType></partDefinition><partDefinition><name>T3.AMB.625</name><partType>OTHER</partType></partDefinition><partDefinition><name>T4.AMB.625</name><partType>OTHER</partType></partDefinition><partDefinition><name>T5.AMB.625</name><partType>OTHER</partType></partDefinition><partDefinition><name>T6.AMB.625</name><partType>OTHER</partType></partDefinition><partDefinition><name>T7.AMB.625</name><partType>OTHER</partType></partDefinition><partDefinition><name>T8.AMB.625</name><partType>OTHER</partType></partDefinition><partDefinition><name>TH1.AMB.625</name><partType>OTHER</partType></partDefinition><partDefinition><name>TH2.AMB.625</name><partType>OTHER</partType></partDefinition><partDefinition><name>TH3.AMB.625</name><partType>OTHER</partType></partDefinition></AMBuildPlate></AMDoc>