<AMDoc><pid>https://ambench2022.nist.gov/pid/rest/local/cdcs/Z1SH05FJBMDNGWPP</pid><AMScanningElectronMicroscopy><name>AMB2022_SEM_718-B8-P3-L6_XY_HT1175C_1h_720C_16h</name><description>Large area electron backscatter diffraction mapping montage composed of many smaller stitched maps.   Acquired half way up a 2.5 mm leg of an as-built specimen.  XY plane parallel to baseplate.</description><primaryContact><name>Levine, Lyle</name><email>lyle.levine@nist.gov</email><orcidID>0000-0003-3448-4229</orcidID></primaryContact><contributor><person><name>Williams, Maureen</name><email>maureen.williams@nist.gov</email><orcidID>0000-0001-9144-0551</orcidID></person></contributor><contributor><person><name>Levine, Lyle</name><email>lyle.levine@nist.gov</email><orcidID>0000-0003-3448-4229</orcidID></person></contributor><contributor><person><name>Stoudt, Mark</name><email>mark.stoudt@nist.gov</email><orcidID>0000-0001-8316-6193</orcidID></person></contributor><contributor><person><name>Young, Sandra</name><email>sandra.young@nist.gov</email><orcidID>0009-0008-5502-8963</orcidID></person></contributor><contributor><person><name>Moon, Kil-Won</name><email>kil-won.moon@nist.gov</email><orcidID>0000-0002-5271-3809</orcidID></person></contributor><identifier><id>AMB2022_SEM_718-B8-P3-L6_XY_HT1175C_1h_720C_16h</id><type>Internal identifier</type></identifier><referencePublication><DOI>10.1007/s40192-024-00371-5</DOI><type>file</type><accessURL>https://doi.org/10.1007/s40192-024-00371-5</accessURL></referencePublication><benchmarkId>AMB2022-01</benchmarkId><facility>NIST Gaithersburg, Materials Measurement Laboratory</facility><isCalibrationMeasurement>N</isCalibrationMeasurement><measurementInfo><measurementType>Scanning_Electron_Microscopy</measurementType><typeDescription>Scanning electron microscopy (SEM) - microstructure characterization using a variety of possible SEM-associated methods</typeDescription><measuredQuantity>microstructure; Grain structure; elemental mapping; elemental segregation; subgrain microstructure; precipitates</measuredQuantity><modelingApproach>phase field, PF, cellular automata, CA, kinetic monte carlo, KMC, crystal plasticity</modelingApproach><keyword>EBSD, EDS, imaging, solidification structure, dendritic structure, cellular structure</keyword><buildProcessInSitu>N</buildProcessInSitu><postBuildProcessInSitu>N</postBuildProcessInSitu></measurementInfo><measurementMethod><instrumentConfiguration><mainInstrument><name>SEM with EBSD detector and software</name><description>SEM with EBSD detector and software</description><model>JEOL Field Emission JSM-7100 with an Oxford Symmetry S2 EBSD detector with fore-scatter diodes and Oxford AZtec software Ver 6.0</model><physicalLocation>NIST Gaithersburg, 223/B133</physicalLocation><instrumentMetadata><field><name>Data_collection_software</name><value>Oxford AZtec software</value></field><field><name>Data_collection_software_version</name><value>6.0</value></field></instrumentMetadata><detector><name>Electron backscatter diffraction (EBSD)</name><description>an Oxford Symmetry S2 EBSD detector with fore-scatter diodes</description><model>Oxford Symmetry S2 EBSD detector with fore-scatter diodes</model></detector></mainInstrument></instrumentConfiguration><experimentConfiguration><component><field><name>Data_collection_mode</name><value>Electron backscatter diffraction (EBSD) map</value></field><field><name>Montage_Y_or_N</name><value>Y</value></field><field><name>Field_of_view_width</name><quantity><value>300.0</value><unit>pixels</unit></quantity></field><field><name>Field_of_view_height</name><quantity><value>226.0</value><unit>pixels</unit></quantity></field><field><name>Accelerating_voltage</name><quantity><value>20.0</value><unit>kV</unit></quantity></field><field><name>Probe_current</name><quantity><value>10.0</value><unit>nA</unit></quantity></field><field><name>Working_distance</name><quantity><value>25.0</value><unit>mm</unit></quantity></field><field><name>Tilt</name><quantity><value>70.0</value><unit>degrees</unit></quantity></field><field><name>Exposure_time</name><quantity><value>6.0</value><unit>ms</unit></quantity></field><field><name>Grid_geometry</name><value>rectangular</value></field><field><name>Montage_size_width</name><quantity><value>5355.0</value><unit>pixels</unit></quantity></field><field><name>Montage_size_height</name><quantity><value>3018.0</value><unit>pixels</unit></quantity></field><field><name>Step_size</name><quantity><value>1.0</value><unit>μm</unit></quantity></field><field><name>Overlap_between_fields</name><quantity><value>20.0</value><unit>%</unit></quantity></field><associatedInstrument><instrumentName>SEM with EBSD detector and software</instrumentName><detector>Electron backscatter diffraction (EBSD)</detector></associatedInstrument></component></experimentConfiguration></measurementMethod><specimen><specimenID>AMB2022-718-AMMT-B8-P3-L6</specimenID><specimenPID>https://ambench2022.nist.gov/pid/rest/local/cdcs/C16SWV69R4BJIJYG</specimenPID><type>AMBSpecimen</type><condition>fully heat treated</condition><materialInfo><materialClass>metal; alloy; Ni alloy; Ni-based super alloy; IN718</materialClass><sourceMaterialId>https://ambench2022.nist.gov/pid/rest/local/cdcs/526BWB5BAIPV8FVB</sourceMaterialId></materialInfo><geometry><imageRef><handle>https://ambench2022.nist.gov/rest/blob/download/60/</handle><checksum>8ac83e8eb3f6505bcf2602d19bf7e85f</checksum><description>Overview of the AMB2022-01 bridge structure geometry with labelled legs (e.g., L1 to L12), hollow Leg 10, and region where in-situ thermography is applied.</description></imageRef></geometry></specimen><results><dataSet><type>Processed Data</type><dataObject><field><name>Processed_data_file_descriptions</name><digitalArtifact><DOI>10.18434/mds2-2692</DOI><type>file</type><accessURL>https://doi.org/10.18434/mds2-2692</accessURL></digitalArtifact></field></dataObject><dataObject><name>Analysis</name><field><name>Analysis_software</name><value>Oxford AZtec software</value></field><field><name>Analysis_software_version</name><value>6.0</value></field></dataObject><dataObject><field><name>Data_product</name><value>Electron backscatter diffraction (EBSD) map</value></field></dataObject></dataSet></results></AMScanningElectronMicroscopy></AMDoc>