<AMDoc><pid>https://ambench2022.nist.gov/pid/rest/local/cdcs/87VHD8AEDGDSJGBY</pid><AMBSpecimen><name>AMB2022-718-AMMT-B8-P2-L4-L5-L6</name><description>0.5, 2.5, 5 mm legs - as built</description><primaryContact><name>Schwalbach, Edwin</name><email>edwin.schwalbach@us.af.mil</email><orcidID>0000-0003-0966-245X</orcidID></primaryContact><note><title>Comments</title><text>Practice specimens</text></note><note><title>Measurement_method</title><text>Serial_sectioning</text></note><identifier><id>AMB2022-718-AMMT-B8-P2-L4-L5-L6</id><type>Internal identifier</type></identifier><location>AFRL</location><materialInfo><materialClass>metal; alloy; Ni alloy; Ni-based super alloy; IN718</materialClass><sourceMaterialId>https://ambench2022.nist.gov/pid/rest/local/cdcs/526BWB5BAIPV8FVB</sourceMaterialId></materialInfo><benchmarkId>AMB2022-01</benchmarkId><status>as built</status><parent><buildPlateId>https://ambench2022.nist.gov/pid/rest/local/cdcs/L3K0CEHHHWE2SDKL</buildPlateId><buildPartId>https://ambench2022.nist.gov/pid/rest/local/cdcs/SUY42N07GDVOBRKM</buildPartId></parent></AMBSpecimen></AMDoc>