<AMDoc><pid>https://ambench2022.nist.gov/pid/rest/local/cdcs/LNESPI5K1B5V1PCI</pid><AMBSpecimen><name>AMB2022-718-AMMT-B7-P1-L3</name><description>2.5 mm leg - as built</description><primaryContact><name>Zhang, Fan</name><email>fan.zhang@nist.gov</email><orcidID>0000-0003-1248-0278</orcidID></primaryContact><note><title>Measurement_Requirements</title><text>Thin to about 70 microns</text></note><note><title>Measurement_method</title><text>USAXS/SAXS/WAXS</text></note><identifier><id>AMB2022-718-AMMT-B7-P1-L3</id><type>Internal identifier</type></identifier><location>NIST Gaithersburg, 223/B160</location><materialInfo><materialClass>metal; alloy; Ni alloy; Ni-based super alloy; IN718</materialClass><sourceMaterialId>https://ambench2022.nist.gov/pid/rest/local/cdcs/526BWB5BAIPV8FVB</sourceMaterialId></materialInfo><processingSteps><ProcessingStep><id>1.0</id><description>Part cut into smaller pieces using EDM</description><completeDate>2021-08-20T00:00:00</completeDate><primaryContact><name>Phan, Thien</name><email>phan11@llnl.gov</email><orcidID>0000-0001-9374-1366</orcidID></primaryContact></ProcessingStep><ProcessingStep><id>2.0</id><description>EDM cuts to remove leg</description><completeDate>2021-08-20T00:00:00</completeDate><primaryContact><name>Phan, Thien</name><email>phan11@llnl.gov</email><orcidID>0000-0001-9374-1366</orcidID></primaryContact></ProcessingStep><ProcessingStep><id>3.0</id><description>Specimen thinned to 70 microns</description><completeDate>2021-09-14T00:00:00</completeDate><primaryContact><name>Young, Sandra</name><email>sandra.young@nist.gov</email><orcidID>0009-0008-5502-8963</orcidID></primaryContact></ProcessingStep><ProcessingStep><id>4.0</id><description>In situ usaxs/saxs/waxs, 1175 C, 1 h, Ar</description><completeDate>2021-09-28T00:00:00</completeDate><primaryContact><name>Zhang, Fan</name><email>fan.zhang@nist.gov</email><orcidID>0000-0003-1248-0278</orcidID></primaryContact><resultingCondition>in situ U/S/W, 1175 C, 1 h</resultingCondition></ProcessingStep></processingSteps><benchmarkId>AMB2022-01</benchmarkId><status>in situ U/S/W, 1175 C, 1 h</status><purpose>Thin to about 70 microns</purpose><parent><buildPlateId>https://ambench2022.nist.gov/pid/rest/local/cdcs/RRWX582XWX7TLZCC</buildPlateId><buildPartId>https://ambench2022.nist.gov/pid/rest/local/cdcs/WSFAEYIP1KCK7TPU</buildPartId></parent></AMBSpecimen></AMDoc>