<AMDoc><pid>https://ambench2022.nist.gov/pid/rest/local/cdcs/C16SWV69R4BJIJYG</pid><AMBSpecimen><name>AMB2022-718-AMMT-B8-P3-L6</name><description>2.5 mm leg - as bult</description><identifier><id>AMB2022-718-AMMT-B8-P3-L6</id><type>Internal identifier</type></identifier><location>NIST Gaithersburg, 223/A119</location><materialInfo><materialClass>metal; alloy; Ni alloy; Ni-based super alloy; IN718</materialClass><sourceMaterialId>https://ambench2022.nist.gov/pid/rest/local/cdcs/526BWB5BAIPV8FVB</sourceMaterialId></materialInfo><benchmarkId>AMB2022-01</benchmarkId><status>as built</status><parent><buildPlateId>https://ambench2022.nist.gov/pid/rest/local/cdcs/L3K0CEHHHWE2SDKL</buildPlateId><buildPartId>https://ambench2022.nist.gov/pid/rest/local/cdcs/3TTUOI3IJJMT0HBB</buildPartId></parent></AMBSpecimen></AMDoc>