<AMDoc><pid>https://ambench2022.nist.gov/pid/rest/local/cdcs/YSHBV2YH4FWSXGHZ</pid><AMOpticalMicroscopy><name>AMB2022_OM_single_track_L2.1_2</name><description>Optical micrograph acquired from cross section of single laser track.</description><primaryContact><name>Weaver, Jordan</name><email>jordan.weaver@nist.gov</email><orcidID>0000-0003-4857-5164</orcidID></primaryContact><contributor><person><name>Weaver, Jordan</name><email>jordan.weaver@nist.gov</email><orcidID>0000-0003-4857-5164</orcidID></person></contributor><contributor><person><name>Deisenroth, David</name><email>david.deisenroth@nist.gov</email><orcidID>0000-0002-6869-7970</orcidID></person></contributor><contributor><person><name>Mekhontsev, Sergey</name><email>sergey.mekhontsev@nist.gov</email><orcidID>0000-0001-7764-630X</orcidID></person></contributor><contributor><person><name>Lane, Brandon</name><email>brandon.lane@nist.gov</email><orcidID>0000-0001-5153-1678</orcidID></person></contributor><contributor><person><name>Levine, Lyle</name><email>lyle.levine@nist.gov</email><orcidID>0000-0003-3448-4229</orcidID></person></contributor><contributor><person><name>Yeung, Ho</name><email>ho.yeung@nist.gov</email><orcidID>0000-0002-6073-5709</orcidID></person></contributor><identifier><id>AMB2022_OM_single_track_L2.1_2</id><type>Internal identifier</type></identifier><completeDate>2022-04-13T00:00:00</completeDate><benchmarkId>AMB2022-03</benchmarkId><challengeId>CHAL-AMB2022-03-TMPG</challengeId><facility>NIST Gaithersburg, Engineering Laboratory</facility><relatedMeasurement><type>ScanningElectronMicroscopy</type><measurementIdentifier><id>AMB2022_SEM_single_track_L2.1_2</id><type>Internal identifier</type></measurementIdentifier><measurementPID>https://ambench2022.nist.gov/pid/rest/local/cdcs/W8KXIS7DF39BQ0ZI</measurementPID></relatedMeasurement><relatedMeasurement><type>Thermography</type><measurementIdentifier><id>AMB2022_Thermography_single_track_L2.1_2</id><type>Internal identifier</type></measurementIdentifier></relatedMeasurement><isCalibrationMeasurement>N</isCalibrationMeasurement><measurementInfo><measurementType>Optical_Microscopy</measurementType><typeDescription>sample characterization using traditional optical microscopy methods</typeDescription><measuredQuantity>melt pool shape</measuredQuantity><modelingApproach>computational fluid dynamics, CFD, finite element modeling, FEM, finite element approach, FEA, thermal model</modelingApproach><buildProcessInSitu>N</buildProcessInSitu><postBuildProcessInSitu>N</postBuildProcessInSitu></measurementInfo><measurementMethod><instrumentConfiguration><mainInstrument><name>Optical microscope</name><description>Optical microscope</description><identifier><id>3530004142</id><type>Serial</type></identifier><model>Zeiss Imager.Z2m</model><physicalLocation>NIST Gaithersburg, 233/A104</physicalLocation><instrumentMetadata><field><name>Data_collection_software</name><value>ZenCore</value></field><field><name>Data_collection_software_version</name><value>3.2</value></field></instrumentMetadata></mainInstrument></instrumentConfiguration><experimentConfiguration><component><field><name>Imaging_mode</name><value>Dark field</value></field><field><name>Montage_Y_or_N</name><value>N</value></field><field><name>Field_of_view_width</name><quantity><value>4096.0</value><unit>pixels</unit></quantity></field><field><name>Field_of_view_height</name><quantity><value>3008.0</value><unit>pixels</unit></quantity></field><field><name>Objective</name><value>20x</value></field><field><name>Total_Magnification</name><value>200x</value></field><field><name>Pixel_Size</name><quantity><value>0.069</value><unit>μm</unit></quantity></field><associatedInstrument><instrumentName>Optical microscope</instrumentName></associatedInstrument></component></experimentConfiguration></measurementMethod><specimen><specimenID>AMB2022-718-SH1-BP1</specimenID><specimenPID>https://ambench2022.nist.gov/pid/rest/local/cdcs/MRX3GWUS8IFQJZ8F</specimenPID><type>AMBSpecimen</type><condition>cross-sectioned</condition><materialInfo><materialClass>metal; alloy; Ni alloy; Ni-based super alloy; IN718</materialClass><sourceMaterialId>https://ambench2022.nist.gov/pid/rest/local/cdcs/P7TVXK25GCW4ZWDS</sourceMaterialId></materialInfo><geometry><imageRef><handle>https://ambench2022.nist.gov/rest/blob/download/64/</handle><checksum>929ca0bb30d8ca256b549692a410cc0c</checksum><description>Naming convention for single laser tracks</description></imageRef><imageRef><handle>https://ambench2022.nist.gov/rest/blob/download/63/</handle><checksum>14b8e627c0240789f9dc00f8c16c5420</checksum><description>Diagram showing cross section locations with part naming convention</description></imageRef></geometry></specimen><results><dataSet><type>Raw Data</type><dataObject><field><name>Data_file_descriptions</name><digitalArtifact><DOI>10.18434/mds2-2718</DOI><type>file</type><accessURL>https://doi.org/10.18434/mds2-2718</accessURL></digitalArtifact></field></dataObject></dataSet><dataSet><type>Processed Data</type><dataObject><field><name>Processed_data_file_descriptions</name><digitalArtifact><DOI>10.18434/mds2-2718</DOI><type>file</type><accessURL>https://doi.org/10.18434/mds2-2718</accessURL></digitalArtifact></field></dataObject><dataObject><name>Analysis</name><field><name>Analysis_software</name><value>ImageJ</value></field><field><name>Analysis_software_version</name><value>1.54f</value></field></dataObject><dataObject><field><name>Data_product</name><value>Optical micrograph</value></field></dataObject></dataSet></results></AMOpticalMicroscopy></AMDoc>