<AMDoc><pid>https://ambench2022.nist.gov/pid/rest/local/cdcs/NCUVNECKVMWCGN7Z</pid><AMBSpecimen><name>AMB2022-718-AMMT-B7-P1-L11</name><description>0.5 mm leg - as built</description><identifier><id>AMB2022-718-AMMT-B7-P1-L11</id><type>Internal identifier</type></identifier><location>NIST Gaithersburg, 223/B160</location><materialInfo><materialClass>metal; alloy; Ni alloy; Ni-based super alloy; IN718</materialClass><sourceMaterialId>https://ambench2022.nist.gov/pid/rest/local/cdcs/526BWB5BAIPV8FVB</sourceMaterialId></materialInfo><benchmarkId>AMB2022-01</benchmarkId><status>as built</status><parent><buildPlateId>https://ambench2022.nist.gov/pid/rest/local/cdcs/RRWX582XWX7TLZCC</buildPlateId><buildPartId>https://ambench2022.nist.gov/pid/rest/local/cdcs/WSFAEYIP1KCK7TPU</buildPartId></parent></AMBSpecimen></AMDoc>