<AMDoc><pid>https://ambench2022.nist.gov/pid/rest/local/cdcs/D9UBTK5111PJAW1K</pid><AMBuildPlate><name>AMB2022-625-CBM-B2</name><description>3D build of IN625 parts conducted using an EOS 270.</description><primaryContact><name>Weaver, Jordan</name><email>jordan.weaver@nist.gov</email><orcidID>0000-0003-4857-5164</orcidID></primaryContact><note><title>Status</title><text>Built correctly - parts cut from build plate</text></note><note><title>Acceptance</title><text>Passed</text></note><note><title>Measurements</title><text>None</text></note><identifier><id>AMB2022-625-CBM-B2</id><type>Internal identifier</type></identifier><creationDate>2018-01-31T00:00:00</creationDate><location>Separated into pieces</location><materialInfo><materialClass>metal; alloy; Ni alloy; Ni-based super alloy; IN625</materialClass><sourceMaterialId>https://ambench2022.nist.gov/pid/rest/local/cdcs/T5E99OQBKI2VNFUC</sourceMaterialId></materialInfo><benchmarkId>AMB2022-04</benchmarkId><status>Built correctly - parts cut from build plate</status><purpose>Other</purpose><designDiagram><handle>https://ambench2022.nist.gov/rest/blob/download/85/</handle><checksum>9357eb10bd5ebe336c6f9d15c8d319d7</checksum></designDiagram><partDefinition><name>625-X.01</name><partType>OTHER</partType></partDefinition><partDefinition><name>625-X.11</name><partType>OTHER</partType></partDefinition><partDefinition><name>625-X.20</name><partType>OTHER</partType></partDefinition><partDefinition><name>625-XY.05</name><partType>OTHER</partType></partDefinition><partDefinition><name>625-XY.10</name><partType>OTHER</partType></partDefinition><partDefinition><name>625-XY.20</name><partType>OTHER</partType></partDefinition><partDefinition><name>625-XY.01</name><partType>OTHER</partType></partDefinition><partDefinition><name>625-XY.12</name><partType>OTHER</partType></partDefinition><partDefinition><name>625-XY.18</name><partType>OTHER</partType></partDefinition><partDefinition><name>625-XY.02</name><partType>OTHER</partType></partDefinition><partDefinition><name>625-XY.08</name><partType>OTHER</partType></partDefinition><partDefinition><name>625-XY.13</name><partType>OTHER</partType></partDefinition><partDefinition><name>625-X.05</name><partType>OTHER</partType></partDefinition><partDefinition><name>625-X.12</name><partType>OTHER</partType></partDefinition><partDefinition><name>625-X.14</name><partType>OTHER</partType></partDefinition><partDefinition><name>625-XY.04</name><partType>OTHER</partType></partDefinition><partDefinition><name>625-XY.09</name><partType>OTHER</partType></partDefinition><partDefinition><name>625-XY.15</name><partType>OTHER</partType></partDefinition><partDefinition><name>625-X.08</name><partType>OTHER</partType></partDefinition><partDefinition><name>625-X.13</name><partType>OTHER</partType></partDefinition><partDefinition><name>625-X.19</name><partType>OTHER</partType></partDefinition><partDefinition><name>625-XY.07</name><partType>OTHER</partType></partDefinition><partDefinition><name>625-XY.16</name><partType>OTHER</partType></partDefinition><partDefinition><name>625-XY.17</name><partType>OTHER</partType></partDefinition></AMBuildPlate></AMDoc>