<AMDoc><pid>https://ambench2022.nist.gov/pid/rest/local/cdcs/IQHHYQZ7QLTAW40I</pid><AMBSpecimen><name>AMB2022-718-AMMT-B6-P3-L7</name><description>5 mm leg - as built</description><identifier><id>AMB2022-718-AMMT-B6-P3-L7</id><type>Internal identifier</type></identifier><location>NIST Gaithersburg, 223/B160</location><materialInfo><materialClass>metal; alloy; Ni alloy; Ni-based super alloy; IN718</materialClass><sourceMaterialId>https://ambench2022.nist.gov/pid/rest/local/cdcs/526BWB5BAIPV8FVB</sourceMaterialId></materialInfo><benchmarkId>AMB2022-01</benchmarkId><status>as built</status><parent><buildPlateId>https://ambench2022.nist.gov/pid/rest/local/cdcs/GK1GVW851DEFIW2Y</buildPlateId><buildPartId>https://ambench2022.nist.gov/pid/rest/local/cdcs/ACWTLPS56INCJ5CD</buildPartId></parent></AMBSpecimen></AMDoc>