<AMDoc><pid>https://ambench2022.nist.gov/pid/rest/local/cdcs/A4O8GNVQEGI1015R</pid><AMBuildPart><name>AMB2022-718-AMMT-B7-G1</name><description>Guide wing that provides protection for the bridge structures during the build.  Material can be used for composition measurements.</description><identifier><id>AMB2022-718-AMMT-B7-G1</id><type>Internal identifier</type></identifier><creationDate>2021-07-07T00:00:00</creationDate><location>unknown</location><materialInfo><materialClass>metal; alloy; Ni alloy; Ni-based super alloy; IN718</materialClass><sourceMaterialId>https://ambench2022.nist.gov/pid/rest/local/cdcs/526BWB5BAIPV8FVB</sourceMaterialId></materialInfo><benchmarkId>AMB2022-01</benchmarkId><purpose>Test material</purpose><designDiagram><handle>https://ambench2022.nist.gov/rest/blob/download/83/</handle><checksum>b7f093363d4fa0efa7d12e4580825b92</checksum></designDiagram><buildPlateId>https://ambench2022.nist.gov/pid/rest/local/cdcs/RRWX582XWX7TLZCC</buildPlateId><partLabel>G1</partLabel></AMBuildPart></AMDoc>