<AMDoc><pid>https://ambench2022.nist.gov/pid/rest/local/cdcs/P9PI0J8KKEDGMIVE</pid><AMBuildPart><name>AMB2022-718-AMMT-B7-P2</name><description>Bridge structure designed to be suitable for a variety of characterization measurements.</description><note><title>Comments</title><text>Will not be sectioned into legs</text></note><identifier><id>AMB2022-718-AMMT-B7-P2</id><type>Internal identifier</type></identifier><creationDate>2021-07-07T00:00:00</creationDate><location>unknown</location><materialInfo><materialClass>metal; alloy; Ni alloy; Ni-based super alloy; IN718</materialClass><sourceMaterialId>https://ambench2022.nist.gov/pid/rest/local/cdcs/526BWB5BAIPV8FVB</sourceMaterialId></materialInfo><benchmarkId>AMB2022-01</benchmarkId><purpose>Deflection</purpose><designDiagram><handle>https://ambench2022.nist.gov/rest/blob/download/84/</handle><checksum>083fb541f824d303faf13884bb5ca389</checksum></designDiagram><buildPlateId>https://ambench2022.nist.gov/pid/rest/local/cdcs/RRWX582XWX7TLZCC</buildPlateId><partLabel>P2</partLabel></AMBuildPart></AMDoc>