<AMDoc><pid>https://ambench2022.nist.gov/pid/rest/local/cdcs/06XQ0028F137JE5H</pid><AMBSpecimen><name>AMB2022-718-AMMT-B7-P1-L10-W4</name><description>2 layer wall - as built</description><note><title>Comments</title><text>Within thermography ROI</text></note><identifier><id>AMB2022-718-AMMT-B7-P1-L10-W4</id><type>Internal identifier</type></identifier><location>NIST Gaithersburg, 223/B160</location><materialInfo><materialClass>metal; alloy; Ni alloy; Ni-based super alloy; IN718</materialClass><sourceMaterialId>https://ambench2022.nist.gov/pid/rest/local/cdcs/526BWB5BAIPV8FVB</sourceMaterialId></materialInfo><benchmarkId>AMB2022-01</benchmarkId><status>as built</status><parent><buildPlateId>https://ambench2022.nist.gov/pid/rest/local/cdcs/RRWX582XWX7TLZCC</buildPlateId><buildPartId>https://ambench2022.nist.gov/pid/rest/local/cdcs/WSFAEYIP1KCK7TPU</buildPartId></parent></AMBSpecimen></AMDoc>