<AMDoc><pid>https://ambench2022.nist.gov/pid/rest/local/cdcs/DMHR8E6BY4TUKUHD</pid><AMBuildPart><name>AMB2022-718-AMMT-B6-P2</name><description>Bridge structure designed to be suitable for a variety of characterization measurements.</description><identifier><id>AMB2022-718-AMMT-B6-P2</id><type>Internal identifier</type></identifier><creationDate>2021-05-26T00:00:00</creationDate><location>NIST Gaithersburg, Carrie's office 223/B160</location><materialInfo><materialClass>metal; alloy; Ni alloy; Ni-based super alloy; IN718</materialClass><sourceMaterialId>https://ambench2022.nist.gov/pid/rest/local/cdcs/526BWB5BAIPV8FVB</sourceMaterialId></materialInfo><benchmarkId>AMB2022-01</benchmarkId><purpose>Microstructure</purpose><designDiagram><handle>https://ambench2022.nist.gov/rest/blob/download/84/</handle><checksum>083fb541f824d303faf13884bb5ca389</checksum></designDiagram><buildPlateId>https://ambench2022.nist.gov/pid/rest/local/cdcs/GK1GVW851DEFIW2Y</buildPlateId><partLabel>P2</partLabel></AMBuildPart></AMDoc>