<AMDoc><pid>https://ambench2022.nist.gov/pid/rest/local/cdcs/MSLBOH13C00S3VEF</pid><AMBSpecimen><name>AMB2022-718-AMMT-B6-P3-L10-W3</name><description>1 layer wall - as built</description><primaryContact><name>Katz, Michael</name><email>michael.katz@nist.gov</email><orcidID>0000-0003-1021-1402</orcidID></primaryContact><note><title>Measurement_Requirements</title><text>TEM sample</text></note><note><title>Measurement_method</title><text>TEM</text></note><identifier><id>AMB2022-718-AMMT-B6-P3-L10-W3</id><type>Internal identifier</type></identifier><location>NIST Gaithersburg, 223/B160</location><materialInfo><materialClass>metal; alloy; Ni alloy; Ni-based super alloy; IN718</materialClass><sourceMaterialId>https://ambench2022.nist.gov/pid/rest/local/cdcs/526BWB5BAIPV8FVB</sourceMaterialId></materialInfo><benchmarkId>AMB2022-01</benchmarkId><status>as built</status><purpose>TEM sample</purpose><parent><buildPlateId>https://ambench2022.nist.gov/pid/rest/local/cdcs/GK1GVW851DEFIW2Y</buildPlateId><buildPartId>https://ambench2022.nist.gov/pid/rest/local/cdcs/ACWTLPS56INCJ5CD</buildPartId></parent></AMBSpecimen></AMDoc>